"","yr","Julian","Date","HMD_25","HMD_50","HMD_75","windspeed","count_above_threshold","percent_above_threshold","mth"
"1","2022",141,2022-05-21,72.4,73.75,73.8,3.80056718019257,0,0,5
"2","2022",142,2022-05-22,85.075,90.625,94.525,4.31740217070663,7,29.1666666666667,5
"3","2022",143,2022-05-23,79.1625,84.85,92.3375,4.17620657747351,6,25,5
"4","2022",144,2022-05-24,84.7375,91.475,95.7625,3.17641042564508,10,41.6666666666667,5
"5","2022",145,2022-05-25,84.4625,89.75,96.675,4.5736621080947,8,33.3333333333333,5
"6","2022",146,2022-05-26,87.1,90.525,94.4125,1.6532260714098,6,25,5
"7","2022",147,2022-05-27,85.3,89.2,93.725,8.04146300925333,6,25,5
"8","2022",148,2022-05-28,83.975,88.65,91.175,3.99338347759123,3,12.5,5
"9","2022",149,2022-05-29,87.1125,89.625,93.6,11.4996130268128,6,25,5
"10","2022",150,2022-05-30,87.175,91.7,93.1125,2.85506587199374,5,20.8333333333333,5
"11","2022",151,2022-05-31,83.8125,89.95,91.975,4.21733509230841,5,20.8333333333333,5
"12","2022",152,2022-06-01,85.3375,92.925,95.7375,2.73767522035346,9,37.5,6
"13","2022",153,2022-06-02,88.525,91.4,96.425,2.62099815608214,9,37.5,6
"14","2022",154,2022-06-03,89.1,92.2,96.525,4.11530446592274,11,45.8333333333333,6
"15","2022",155,2022-06-04,84.3125,87.4,89.2375,7.00433393457361,1,4.16666666666667,6
"16","2022",156,2022-06-05,85.2375,86.575,87.975,7.43078632287655,0,0,6
"17","2022",157,2022-06-06,81.1625,82.75,84.3875,2.30765484687514,0,0,6
"18","2022",158,2022-06-07,79.025,80.225,84.725,3.73541476462777,0,0,6
"19","2022",159,2022-06-08,78.225,79.675,82.1375,3.01884313988427,0,0,6
"20","2022",160,2022-06-09,80.1375,81.4,83.4,5.0170405982438,0,0,6
"21","2022",161,2022-06-10,78.6125,80.8,83.6,2.89458245471976,0,0,6
"22","2022",162,2022-06-11,80.65,81.55,83.325,3.33990647902259,0,0,6
"23","2022",163,2022-06-12,81.8375,83.2,85.425,5.22471289061956,0,0,6
"24","2022",164,2022-06-13,82.25,84.325,86.9125,9.08873099669635,0,0,6
"25","2022",165,2022-06-14,78.9875,81.075,82.6125,5.92464294629064,0,0,6
"26","2022",166,2022-06-15,82.1125,84.4,88.0875,2.06930717689304,0,0,6
"27","2022",167,2022-06-16,82.0125,84.575,87.1125,3.15222183692172,0,0,6
"28","2022",168,2022-06-17,81.2375,83.925,86.2375,4.39276349963734,0,0,6
"29","2022",169,2022-06-18,81.1375,82.725,85.1,3.4886547398085,0,0,6
"30","2022",170,2022-06-19,80.025,83.375,85.95,2.70210224692112,0,0,6
"31","2022",171,2022-06-20,80,82.25,84.25,4.85743381788078,0,0,6
"32","2022",172,2022-06-21,78.175,81.55,86.325,3.66970780740909,0,0,6
"33","2022",173,2022-06-22,77.8875,81.2,83.25,5.50913186975038,0,0,6
"34","2022",174,2022-06-23,86.525,87.35,88.0125,3.97456762957678,0,0,6
"35","2022",175,2022-06-24,85.1875,85.9,86.875,3.2842915589021,0,0,6
"36","2022",176,2022-06-25,86.5625,87.2,87.6625,4.23966441301218,0,0,6
"37","2022",177,2022-06-26,82.525,84.95,87.5125,4.33043646977751,0,0,6
"38","2022",178,2022-06-27,78.9,80.525,85.375,4.39350094975407,0,0,6
"39","2022",179,2022-06-28,80.825,83.85,86.6,7.25958746904565,0,0,6
"40","2022",180,2022-06-29,78.2125,81.2,83.825,4.87756063007285,0,0,6
"41","2022",181,2022-06-30,78.45,83.7,86.3375,2.29830103902759,0,0,6
"42","2022",182,2022-07-01,82.075,84.625,86.325,5.33877078480841,0,0,7
"43","2022",183,2022-07-02,80.6625,82.975,85.875,5.7595838757234,0,0,7
"44","2022",184,2022-07-03,81.725,83.5,85.525,4.636848937001,0,0,7
"45","2022",185,2022-07-04,78.875,81,83.875,1.89066229376104,0,0,7
"46","2022",186,2022-07-05,76.1,79.375,84.3,1.4258239892384,0,0,7
"47","2022",187,2022-07-06,75.0875,77,79.125,2.35779149793543,0,0,7
"48","2022",188,2022-07-07,76.775,80.425,84.475,1.40370071297472,0,0,7
"49","2022",189,2022-07-08,79.7875,82.175,85.25,3.14866591966604,0,0,7
"50","2022",190,2022-07-09,83.0875,84.3,85.625,3.44858497316656,0,0,7
"51","2022",191,2022-07-10,80.2625,83.475,87.025,2.99902277521127,0,0,7
"52","2022",192,2022-07-11,80.8125,83.2,86.15,3.2070986208275,0,0,7
"53","2022",193,2022-07-12,81.9375,84.175,87.25,9.90421200909918,0,0,7
"54","2022",194,2022-07-13,77.9125,80.725,86.85,7.27429336098377,1,4.16666666666667,7
"55","2022",195,2022-07-14,81.3375,86.175,88.15,3.45049298307712,0,0,7
"56","2022",196,2022-07-15,83.5375,87.3,88.9875,4.66830171991913,0,0,7
"57","2022",197,2022-07-16,87.75,88.5,89.9875,2.84503119852311,1,4.16666666666667,7
"58","2022",198,2022-07-17,86.1875,88.4,93.55,4.73802673966417,4,16.6666666666667,7
"59","2022",199,2022-07-18,87.7,90.125,94.475,2.60897394414576,7,29.1666666666667,7
"60","2022",200,2022-07-19,87.65,88.725,89.925,4.18859668746089,0,0,7
"61","2022",201,2022-07-20,86.0125,87.75,89.2,2.72279759636485,0,0,7
"62","2022",202,2022-07-21,83.65,86.35,89.1,2.29288195249083,0,0,7
"63","2022",203,2022-07-22,83.95,85.625,87.6625,2.66266893564854,0,0,7
"64","2022",204,2022-07-23,80.875,84.675,85.625,3.55256997838527,0,0,7
"65","2022",205,2022-07-24,81.4375,83.125,86.4875,2.6805812723621,0,0,7
"66","2022",206,2022-07-25,85.475,86.975,88.9125,2.21858767770931,0,0,7
"67","2022",207,2022-07-26,83.5125,84.6,86.2875,2.5378212202499,0,0,7
"68","2022",208,2022-07-27,85.075,86.8,88,2.92857254187929,0,0,7
"69","2022",209,2022-07-28,85.65,86.825,88.025,4.43862237558671,0,0,7
"70","2022",210,2022-07-29,84.4875,85.95,87.5875,3.19230723183293,0,0,7
"71","2022",211,2022-07-30,82.6625,83.975,85.6625,2.09469726689026,0,0,7
"72","2022",212,2022-07-31,83.175,85.7,86.325,2.34984731074831,0,0,7
"73","2022",213,2022-08-01,79.95,81.55,85.075,3.54784817238382,0,0,8
"74","2022",214,2022-08-02,83.8125,84.75,86.4875,3.1502624045927,1,4.16666666666667,8
"75","2022",215,2022-08-03,82.5875,84.275,85.1375,3.80006240233421,0,0,8
"76","2022",216,2022-08-04,83.05,83.75,85.2375,3.70308009940803,0,0,8
"77","2022",217,2022-08-05,83.6875,84.65,86.45,3.08169385831926,0,0,8
"78","2022",218,2022-08-06,84.85,86.625,88.125,2.67206396970934,0,0,8
"79","2022",219,2022-08-07,87.1,87.95,89.625,4.28637331414433,0,0,8
"80","2022",220,2022-08-08,85.3875,86.225,87.0875,3.27413411805495,0,0,8
"81","2022",221,2022-08-09,85.8,86.85,88.225,3.58295085994073,0,0,8
"82","2022",222,2022-08-10,86.625,87.225,88.625,2.41831409459065,0,0,8
"83","2022",223,2022-08-11,84.425,86.775,89.0375,2.91972171837934,0,0,8
"84","2022",224,2022-08-12,81.775,84.75,86.8625,2.80483013988125,1,4.16666666666667,8
"85","2022",225,2022-08-13,85.5875,87.2,88.4625,3.77559619666518,0,0,8
"86","2022",226,2022-08-14,88.8125,89.35,91.1375,1.3768567291481,0,0,8
"87","2022",227,2022-08-15,86.4625,89.45,90.1,2.68070706374746,0,0,8
"88","2022",228,2022-08-16,91.45,92.375,93.2,1.67216439307519,4,16.6666666666667,8
"89","2022",229,2022-08-17,89.95,91.375,93.2,3.82103307833362,3,12.5,8
"90","2022",230,2022-08-18,92.7625,94.9,95.55,2.15089988637353,15,62.5,8
"91","2022",231,2022-08-19,90.6375,91.575,93.125,2.87638642004534,3,12.5,8
"92","2022",232,2022-08-20,88.2625,89.575,91.2625,1.99548544069083,0,0,8
"93","2022",233,2022-08-21,89.175,89.75,91.35,1.97859048444156,3,12.5,8
"94","2022",234,2022-08-22,85.675,86.975,88.325,3.56205032923472,0,0,8
"95","2022",235,2022-08-23,88.275,89.075,89.8125,5.32203289205392,0,0,8
"96","2022",236,2022-08-24,90.475,90.875,91.825,1.93134258910983,0,0,8
"97","2022",237,2022-08-25,80.825,86.95,88.825,2.75868122926497,0,0,8
"98","2022",238,2022-08-26,89.475,90.95,94.075,4.47065297162091,6,25,8
"99","2022",239,2022-08-27,92.75,93.225,94.425,3.34655722908324,9,37.5,8
"100","2022",240,2022-08-28,90.3625,92.75,94.1,2.54037552683973,6,25,8
"101","2022",241,2022-08-29,87.05,88.5,89.3125,2.88339076252178,0,0,8
"102","2022",242,2022-08-30,90.025,91.9,94.2125,3.71166131238366,7,29.1666666666667,8
"103","2022",243,2022-08-31,97.5,97.85,98.1125,3.79420226831155,24,100,8
"104","2022",244,2022-09-01,97.7875,98.025,98.525,2.65133516173499,24,100,9
"105","2022",245,2022-09-02,96.725,97.15,98.05,4.39179121099847,24,100,9
"106","2022",246,2022-09-03,97.425,98.325,99.1375,3.50644795699313,24,100,9
"107","2022",247,2022-09-04,94.9625,97.025,97.7,5.53900383588436,20,83.3333333333333,9
"108","2022",248,2022-09-05,94.1625,95.45,97.3625,2.04505449549518,18,75,9
"109","2022",249,2022-09-06,82.7875,85.2,90.5375,3.27655013327264,3,12.5,9
"110","2022",250,2022-09-07,81.8875,84.225,88.0875,8.87473876338607,0,0,9
"111","2022",251,2022-09-08,80.1125,82.85,85.9875,3.12948860082277,1,4.16666666666667,9
"112","2022",252,2022-09-09,82.0375,85.075,87.525,4.71249669508451,1,4.16666666666667,9
"113","2022",253,2022-09-10,82.2,83.7,85.875,5.9229509819728,0,0,9
"114","2022",254,2022-09-11,83,84.45,86.475,3.91596992277813,0,0,9
"115","2022",255,2022-09-12,86.075,88,89.625,2.67325528247463,2,8.33333333333333,9
"116","2022",256,2022-09-13,90.975,91.35,91.5625,1.23745102172648,1,4.16666666666667,9
"117","2022",257,2022-09-14,92.6875,93.85,94.6625,3.83339550925887,10,41.6666666666667,9
"118","2022",258,2022-09-15,93.9625,94.4,95,2.57601644743295,15,62.5,9
"119","2022",259,2022-09-16,93.875,94.925,95.4125,4.98770964369205,16,66.6666666666667,9
"120","2022",260,2022-09-17,89.6375,90.325,90.9875,2.44991427604425,0,0,9
"121","2022",261,2022-09-18,89.5875,90.65,91.625,3.67718766758665,0,0,9
"122","2022",262,2022-09-19,90.475,90.775,91.3375,2.34717526080105,0,0,9
"123","2022",263,2022-09-20,90.9,91.45,92.625,4.51459169457241,2,8.33333333333333,9
"124","2022",264,2022-09-21,87.4375,89.225,93.0125,3.81521005197361,3,12.5,9
"125","2022",265,2022-09-22,87.2375,87.9,89,3.5883697201462,0,0,9
"126","2022",266,2022-09-23,86.8375,88.75,89.45,3.92131522161756,0,0,9
"127","2022",267,2022-09-24,86.025,88.85,91.4375,1.49230263494334,0,0,9
"128","2022",268,2022-09-25,82.975,88.75,91.1625,2.73927160800306,1,4.16666666666667,9
"129","2022",269,2022-09-26,79.7,84.375,89.475,2.47439816101172,2,8.33333333333333,9
"130","2022",270,2022-09-27,80.275,84.65,89.8125,1.70879417687731,3,12.5,9
"131","2022",271,2022-09-28,81.3125,82.275,87.9125,4.12182978514696,1,4.16666666666667,9
"132","2022",272,2022-09-29,86.85,88.45,91.375,3.79122586760074,3,12.5,9
"133","2022",273,2022-09-30,80.95,83.425,88.875,2.85974325725885,1,4.16666666666667,9
"134","2022",274,2022-10-01,85.9125,88.825,91.15,3.33723486243012,1,4.16666666666667,10
"135","2022",275,2022-10-02,86.775,89.4,90.7625,4.16172875745535,4,16.6666666666667,10
"136","2022",276,2022-10-03,82.3375,86.175,92.8875,2.40379019701109,3,12.5,10
"137","2022",277,2022-10-04,84.5125,88.9,91.3125,2.83305502220902,2,8.33333333333333,10
"138","2022",278,2022-10-05,84.8375,86.95,91.5875,1.76883903492415,2,8.33333333333333,10
"139","2022",279,2022-10-06,84.15,88.3,90.5375,3.0592559376038,2,8.33333333333333,10
"140","2022",280,2022-10-07,82.9625,87.725,90.8875,2.2927120504836,1,4.16666666666667,10
"141","2022",281,2022-10-08,85.1,86.65,89.9125,1.8938110786028,4,16.6666666666667,10
"142","2022",282,2022-10-09,78.6,84.45,88.2,2.89031001321439,1,4.16666666666667,10
"143","2022",283,2022-10-10,81.1875,84,90.7125,3.42107991970878,1,4.16666666666667,10
"144","2022",284,2022-10-11,83.225,89.25,93.35,3.2927026669535,6,25,10
"145","2022",285,2022-10-12,86.0625,90.75,92.375,4.13445854102994,2,8.33333333333333,10
"146","2022",286,2022-10-13,88.3,91.375,94.4375,2.95669804870267,8,33.3333333333333,10
"147","2022",287,2022-10-14,84.4375,87.675,92.125,2.81231138407938,4,16.6666666666667,10
"148","2022",288,2022-10-15,87.6375,90.375,92.1125,6.41296835399744,1,4.16666666666667,10
"149","2022",289,2022-10-16,85.0375,87.825,91.8125,6.836759141401,3,12.5,10
"150","2022",290,2022-10-17,82.9875,86.375,88.875,4.17491374843245,0,0,10
"151","2022",291,2022-10-18,84.55,90.45,92.5,2.78161322659121,3,12.5,10
"152","2022",292,2022-10-19,86.05,90.2,92.925,2.53665722555893,4,16.6666666666667,10
"153","2022",293,2022-10-20,88.8125,90.85,92.4,4.52032951327646,3,12.5,10
"154","2022",294,2022-10-21,82.75,88.55,92.2,9.54858238101682,3,12.5,10
"155","2022",295,2022-10-22,83.2625,88.35,92.8875,4.75309403661472,3,12.5,10
"156","2022",296,2022-10-23,88.125,92.575,94.7375,4.47744175355337,7,29.1666666666667,10
"157","2022",297,2022-10-24,85.175,89.925,91.2875,8.4800152962549,2,8.33333333333333,10
"158","2022",298,2022-10-25,83.6,87.525,92.05,9.37488610483382,4,16.6666666666667,10
"159","2022",299,2022-10-26,86.5125,92.925,97.2375,7.08373308190135,10,41.6666666666667,10
"160","2022",300,2022-10-27,84.2375,88.975,92.95,9.3341427145243,4,16.6666666666667,10
"161","2022",301,2022-10-28,85.3875,91.35,92.4625,2.57659824233901,5,20.8333333333333,10
"162","2022",302,2022-10-29,88.7,91.925,95.7125,6.60025969293755,10,41.6666666666667,10
"163","2022",303,2022-10-30,87.9375,91.025,96.4625,10.4037306579878,10,41.6666666666667,10
"164","2022",304,2022-10-31,90.6875,92.675,95.1375,2.88637066027557,9,37.5,10
"165","2022",305,2022-11-01,87.8875,89.525,92.3,3.48687268497337,3,12.5,11
"166","2022",306,2022-11-02,87.9125,92.325,95.475,2.77410238032822,7,29.1666666666667,11
"167","2022",307,2022-11-03,85.725,90.975,94.1625,4.33116549587343,7,29.1666666666667,11
"168","2022",308,2022-11-04,83.8375,87.525,91.3625,10.5762294003456,5,20.8333333333333,11
"169","2022",309,2022-11-05,83.6875,85.9,90.575,13.832544956743,3,12.5,11
"170","2022",310,2022-11-06,84.2125,87.825,93.8375,6.02392779514792,6,25,11
"171","2022",311,2022-11-07,82.65,88.125,91.8625,5.55552416081867,3,12.5,11
"172","2022",312,2022-11-08,81.7875,85.95,91.3,8.51341748789294,4,16.6666666666667,11
"173","2022",313,2022-11-09,84.625,87.025,89.725,3.64072279308501,3,12.5,11
"174","2022",314,2022-11-10,84.75,90.4,93.3375,4.80948363858655,5,20.8333333333333,11
"175","2022",315,2022-11-11,85.5625,89.775,93.3875,11.5518285571382,5,20.8333333333333,11
"176","2022",316,2022-11-12,83.65,86.425,89.1,5.43401951540472,2,8.33333333333333,11
"177","2022",317,2022-11-13,86.55,94.775,96.05,4.16820663531203,13,54.1666666666667,11
"178","2022",318,2022-11-14,85.5375,89.775,92.075,4.3192816969412,4,16.6666666666667,11
"179","2022",319,2022-11-15,81.3,88.85,92.9875,8.02575232751546,6,25,11
"180","2022",320,2022-11-16,83.75,86.175,91.65,9.59188557341353,4,16.6666666666667,11
"181","2022",321,2022-11-17,81.4375,86.725,91.7,8.58082905143511,2,8.33333333333333,11
"182","2022",322,2022-11-18,80.5625,85.95,92.975,7.5996164454692,4,16.6666666666667,11
"183","2022",323,2022-11-19,82.1375,88.65,90.2375,8.85814403029797,3,12.5,11
"184","2022",324,2022-11-20,75.325,83.8,94.725,6.06345162691502,7,29.1666666666667,11
"185","2022",325,2022-11-21,85.425,86.95,90.475,8.58433104318914,3,12.5,11
"186","2022",326,2022-11-22,82.3875,86.55,90.475,8.43434569049734,4,16.6666666666667,11
"187","2022",327,2022-11-23,81.6875,87.85,93.9375,6.28770822100231,6,25,11
"188","2022",328,2022-11-24,84.15,86.05,90.2375,8.22122050489858,1,4.16666666666667,11
"189","2022",329,2022-11-25,89.225,92.3,95.1625,7.80077253357067,8,33.3333333333333,11
"190","2022",330,2022-11-26,86.9375,88.9,91.7625,5.46966982491485,4,16.6666666666667,11
"191","2022",331,2022-11-27,90.15,92.575,96.025,11.8218010060719,10,41.6666666666667,11
"192","2022",332,2022-11-28,88.075,89.8,91.4875,4.3424173905418,3,12.5,11
"193","2022",333,2022-11-29,88.275,90.925,95.425,7.65756903431239,10,41.6666666666667,11
"194","2022",334,2022-11-30,88.575,90.95,93.775,10.4259676718943,6,25,11
"195","2022",335,2022-12-01,84.4625,89.375,95.0875,2.15335002164128,7,29.1666666666667,12
"196","2022",336,2022-12-02,79.3375,84.775,87.0625,10.4180698647144,1,4.16666666666667,12
"197","2022",337,2022-12-03,86,88.7,92.975,11.7636631336462,5,20.8333333333333,12
"198","2022",338,2022-12-04,83.7125,85.675,92.4625,7.05862926237768,4,16.6666666666667,12
"199","2022",339,2022-12-05,83.3875,87.55,90.8625,4.22618682233572,3,12.5,12
"200","2022",340,2022-12-06,82.85,85.45,87.8625,2.96927887935411,1,4.16666666666667,12
"201","2022",341,2022-12-07,81.925,86.25,91.15,3.8712942465142,3,12.5,12
"202","2022",342,2022-12-08,88.9375,90.5,93.675,9.185346659408,5,20.8333333333333,12
"203","2022",343,2022-12-09,86.675,91.1,94.8625,7.24681891904799,7,29.1666666666667,12
"204","2022",344,2022-12-10,85.9125,90.7,92.8375,10.6882777909167,5,20.8333333333333,12
"205","2022",345,2022-12-11,86.0375,87.5,95.025,2.88339703830224,7,29.1666666666667,12
"206","2022",346,2022-12-12,81.9,86.575,94.2625,2.6053298605124,7,29.1666666666667,12
"207","2022",347,2022-12-13,82.7875,85.225,91.15,1.0705041865542,4,16.6666666666667,12
"208","2022",348,2022-12-14,75.9375,83.6,91.275,2.72263307755224,3,12.5,12
"209","2022",349,2022-12-15,84.0625,88.85,95.05,3.13877302763662,7,29.1666666666667,12
"210","2022",350,2022-12-16,82.075,87.625,91.3125,4.31075513262423,2,8.33333333333333,12
"211","2022",351,2022-12-17,81.8375,88.65,92.3375,3.60966753699515,5,20.8333333333333,12
"212","2022",352,2022-12-18,82.1375,88.625,92.9375,10.4401295338796,5,20.8333333333333,12
"213","2022",353,2022-12-19,82.75,87.525,90.1625,9.21906310763231,2,8.33333333333333,12
"214","2022",354,2022-12-20,80.8,84.5,87.9,10.2986010150047,2,8.33333333333333,12
"215","2022",355,2022-12-21,77.1625,84.85,88.4875,9.11401633209196,3,12.5,12
"216","2022",356,2022-12-22,79.575,86.475,90.5125,11.3668985004684,1,4.16666666666667,12
"217","2022",357,2022-12-23,85.1875,88.65,93.8,15.3514572791006,6,25,12
"218","2022",358,2022-12-24,83.175,86.95,90.5,12.0039015606045,0,0,12
"219","2022",359,2022-12-25,85.5375,87.375,89.8625,6.13747763723791,3,12.5,12
"220","2022",360,2022-12-26,86.725,88.75,91.125,12.5709366464985,2,8.33333333333333,12
"221","2022",361,2022-12-27,84.3125,86.6,89.8875,9.32669550203275,2,8.33333333333333,12
"222","2022",362,2022-12-28,87.0875,89.7,94.2,10.0997211217778,6,25,12
"223","2022",363,2022-12-29,82.775,88.325,91.3875,9.65220591106826,3,12.5,12
"224","2022",364,2022-12-30,84.25,88.675,92.9375,9.34762238488023,4,16.6666666666667,12
"225","2022",365,2022-12-31,83.1125,87.2,91.7,7.51838750048256,5,20.8333333333333,12
"226","2023",1,2023-01-01,78.225,86.8,90.925,3.78455159442384,4,16.6666666666667,1
"227","2023",2,2023-01-02,81.98125,85.175,87.29375,10.7106835357143,2,8.33333333333333,1
"228","2023",3,2023-01-03,87.15625,90.9375,94.85625,7.33776416982871,7,29.1666666666667,1
"229","2023",4,2023-01-04,84.33125,87.9375,91.58125,9.3447015437981,3,12.5,1
"230","2023",5,2023-01-05,84.33125,88.725,92.6125,12.5439206496355,4,16.6666666666667,1
"231","2023",6,2023-01-06,84.15,86.9375,92.325,11.5162747799531,2,8.33333333333333,1
"232","2023",7,2023-01-07,88.75625,90.475,94.75,9.62482582534823,7,29.1666666666667,1
"233","2023",8,2023-01-08,82.3875,89.2125,94.625,9.35894969036915,7,29.1666666666667,1
"234","2023",9,2023-01-09,88.9375,90.8125,91.8,12.33818674804,3,12.5,1
"235","2023",10,2023-01-10,86.21875,93.225,97.20625,10.0402111635604,12,50,1
"236","2023",11,2023-01-11,85.9375,91.1625,94.20625,9.39986487919809,6,25,1
"237","2023",12,2023-01-12,85.7125,88.5625,92.6,10.8061815316643,4,16.6666666666667,1
"238","2023",13,2023-01-13,88.51875,91.8375,95.09375,10.8473984968588,7,29.1666666666667,1
"239","2023",14,2023-01-14,83.40625,86.9125,89.425,8.1129185720494,2,8.33333333333333,1
"240","2023",15,2023-01-15,88.15625,91.6125,93.75,4.42722843558522,5,20.8333333333333,1
"241","2023",16,2023-01-16,84.63125,87.1875,89.35625,8.47011781165653,2,8.33333333333333,1
"242","2023",17,2023-01-17,88.3875,91.9,93.575,7.32938317156377,4,16.6666666666667,1
"243","2023",18,2023-01-18,86.2,88.8125,93.7125,9.68295577656061,6,25,1
"244","2023",19,2023-01-19,82.61875,85.05,89.2125,4.08321784321623,3,12.5,1
"245","2023",20,2023-01-20,85.7125,88.3,91.2125,5.32788778141753,4,16.6666666666667,1
"246","2023",21,2023-01-21,86.725,92.2875,94.84375,6.43365713327507,8,33.3333333333333,1
"247","2023",22,2023-01-22,87.41875,90.7375,94.50625,7.85361503856869,7,29.1666666666667,1
"248","2023",23,2023-01-23,83.9625,87.6625,91.34375,3.63031514601769,4,16.6666666666667,1
"249","2023",24,2023-01-24,84.16875,88.5,91.54375,4.82921809070403,2,8.33333333333333,1
"250","2023",25,2023-01-25,84.8625,86.9125,90.01875,4.84154834226148,3,12.5,1
"251","2023",26,2023-01-26,86.35,90.9,94.35625,1.79217254973667,7,29.1666666666667,1
"252","2023",27,2023-01-27,81.9375,89.7625,92.46875,6.8071116826671,5,20.8333333333333,1
"253","2023",28,2023-01-28,85.25625,87.225,90.60625,3.91673386677007,2,8.33333333333333,1
"254","2023",29,2023-01-29,86.80625,88.975,94.3875,5.39264217384486,7,29.1666666666667,1
"255","2023",30,2023-01-30,83.18125,85.8625,93.1125,4.11971014926469,6,25,1
"256","2023",31,2023-01-31,78,85.2375,91.29375,5.3012318731341,4,16.6666666666667,1
"257","2023",32,2023-02-01,80.725,87.3375,92.575,7.97766471506384,5,20.8333333333333,2
"258","2023",33,2023-02-02,81.49375,83.475,91.70625,8.68393106312897,4,16.6666666666667,2
"259","2023",34,2023-02-03,81.675,86.8875,91.54375,10.5908926373338,6,25,2
"260","2023",35,2023-02-04,82.69375,85.5125,91.83125,10.3815454807718,3,12.5,2
"261","2023",36,2023-02-05,83.65625,87.2625,92.95625,7.88360457081481,4,16.6666666666667,2
"262","2023",37,2023-02-06,79.25,89.025,95.03125,9.06385830918409,7,29.1666666666667,2
"263","2023",38,2023-02-07,85.9375,89.05,93.5875,11.3941505502547,6,25,2
"264","2023",39,2023-02-08,80.6375,85.575,88.55,6.72793033449098,2,8.33333333333333,2
"265","2023",40,2023-02-09,85.125,90.525,95.10625,9.8776041270022,8,33.3333333333333,2
"266","2023",41,2023-02-10,85.6625,90.9,96.55,9.95559549897824,8,33.3333333333333,2
"267","2023",42,2023-02-11,82.54375,87.5625,91.775,6.35879869565924,4,16.6666666666667,2
"268","2023",43,2023-02-12,79.79375,82.3625,89.5375,2.80915210299509,2,8.33333333333333,2
"269","2023",44,2023-02-13,80.45,85.1,87.36875,11.9079778002743,1,4.16666666666667,2
"270","2023",45,2023-02-14,83.1,89.7125,95.46875,3.90762545954263,8,33.3333333333333,2
"271","2023",46,2023-02-15,80.13125,83.175,90.3625,3.58579837094452,4,16.6666666666667,2
"272","2023",47,2023-02-16,86.975,90.025,94.525,7.05094484379342,8,33.3333333333333,2
"273","2023",48,2023-02-17,85.3375,88.725,92.8875,3.5102069120422,4,16.6666666666667,2
"274","2023",49,2023-02-18,84.5875,86.075,89.5125,6.42819826269355,3,12.5,2
"275","2023",50,2023-02-19,84.1375,87.2375,92.4625,9.97363704941523,3,12.5,2
"276","2023",51,2023-02-20,83.225,86.3125,89.05625,9.73273235839231,4,16.6666666666667,2
"277","2023",52,2023-02-21,86.14375,87.65,92.95,16.7573779073496,5,20.8333333333333,2
"278","2023",53,2023-02-22,82.8625,85.975,93.2,6.20591245707625,6,25,2
"279","2023",54,2023-02-23,83,87.975,92.15625,9.94897245174932,2,8.33333333333333,2
"280","2023",55,2023-02-24,84.20625,88.425,94.50625,5.77328132475733,7,29.1666666666667,2
"281","2023",56,2023-02-25,78.2125,82.6375,90.34375,4.72924713135374,3,12.5,2
"282","2023",57,2023-02-26,87.15625,89.3,93.4375,11.6349532204969,6,25,2
"283","2023",58,2023-02-27,80.8875,84.8,89.0125,6.48051603986304,2,8.69565217391304,2
"284","2023",59,2023-02-28,78.7375,85.1,89.625,4.20363740381795,3,12.5,2
"285","2023",60,2023-03-01,76.0125,80.875,85.4875,3.78882050517486,1,4.16666666666667,3
"286","2023",61,2023-03-02,86.6875,89.95,94.9875,11.7718615375102,8,33.3333333333333,3
"287","2023",62,2023-03-03,82.15,86.725,92.275,9.74187135314387,3,12.5,3
"288","2023",63,2023-03-04,84.05,87.525,91.3125,8.39256875597301,4,16.6666666666667,3
"289","2023",64,2023-03-05,86.85,91.5,94.75,5.48745360464626,7,29.1666666666667,3
"290","2023",65,2023-03-06,77.7125,83.325,89.8125,6.93758151738563,2,8.33333333333333,3
"291","2023",66,2023-03-07,82.0375,88.825,90.875,8.03681160567676,3,12.5,3
"292","2023",67,2023-03-08,82.3,85.95,92.675,5.58792614765814,2,8.33333333333333,3
"293","2023",68,2023-03-09,83.475,86.425,91.25,8.08059883796333,4,16.6666666666667,3
"294","2023",69,2023-03-10,82.4125,85.55,89.9,4.80254254931216,2,8.33333333333333,3
"295","2023",70,2023-03-11,81.25,87.95,93.575,5.2874408817746,5,20.8333333333333,3
"296","2023",71,2023-03-12,84.95,88.55,91.6625,8.75137492465045,5,20.8333333333333,3
"297","2023",72,2023-03-13,80.275,84.6,90.7625,6.69725369138182,5,20.8333333333333,3
"298","2023",73,2023-03-14,80.9625,85.575,90.1625,7.3498044431146,3,12.5,3
"299","2023",74,2023-03-15,83,86.925,93.1625,5.55678294457785,5,20.8333333333333,3
"300","2023",75,2023-03-16,82.0875,84.825,88.725,3.1989368473277,2,8.33333333333333,3
"301","2023",76,2023-03-17,79.6625,83.425,87.25,8.13813199898171,1,4.16666666666667,3
"302","2023",77,2023-03-18,84.425,86.925,89.1375,3.32622941787001,0,0,3
"303","2023",78,2023-03-19,87.3875,90.925,95.1375,7.08347884854095,8,33.3333333333333,3
"304","2023",79,2023-03-20,80.0375,83.125,89.5,2.96373506113435,2,8.33333333333333,3
"305","2023",80,2023-03-21,78.15,83.3,87.5375,2.4643832806881,2,8.33333333333333,3
"306","2023",81,2023-03-22,81.9625,84.55,89.5625,2.78437096508272,1,4.16666666666667,3
"307","2023",82,2023-03-23,78.825,85.35,90.475,6.47879799128034,4,16.6666666666667,3
"308","2023",83,2023-03-24,84.675,87.525,94.2625,8.40156770788787,6,25,3
"309","2023",84,2023-03-25,84,88.4,94.325,4.97126906315597,6,25,3
"310","2023",85,2023-03-26,87.2625,89.325,93.275,3.66917719091546,4,16.6666666666667,3
"311","2023",86,2023-03-27,81.8125,87.05,89.5875,5.51048836248215,1,4.16666666666667,3
"312","2023",87,2023-03-28,78.0875,82.925,85.7125,8.03566102848836,1,4.16666666666667,3
"313","2023",88,2023-03-29,79.5375,83.95,88.825,3.46284086579449,2,8.33333333333333,3
"314","2023",89,2023-03-30,81.1,85.825,91.075,4.12513994717019,5,20.8333333333333,3
"315","2023",90,2023-03-31,80.775,84.225,92.325,6.70425445719148,4,16.6666666666667,3
"316","2023",91,2023-04-01,85.6375,87.9,92.05,7.68602935779035,3,12.5,4
"317","2023",92,2023-04-02,84.4375,90.95,92.35,4.15506303355395,5,20.8333333333333,4
"318","2023",93,2023-04-03,78.5125,81.325,88.375,2.78806468336542,1,4.16666666666667,4
"319","2023",94,2023-04-04,82.3,86.325,90.7,6.4781829843376,4,16.6666666666667,4
"320","2023",95,2023-04-05,70.4625,76.15,87.3875,5.7381644029795,2,8.33333333333333,4
"321","2023",96,2023-04-06,82.8625,88,91.9625,11.7688597376624,5,20.8333333333333,4
"322","2023",97,2023-04-07,82.0625,87.275,90.6375,4.89912321118012,2,8.33333333333333,4
"323","2023",98,2023-04-08,78.9,85.3,89.025,12.7872409830313,4,16.6666666666667,4
"324","2023",99,2023-04-09,79.7125,85.675,90.8125,10.4133635703212,2,8.33333333333333,4
"325","2023",100,2023-04-10,80.5625,85.975,89.9625,4.0113290635814,2,8.33333333333333,4
"326","2023",101,2023-04-11,80.8,88.6,90.35,8.6147834411374,2,8.33333333333333,4
"327","2023",102,2023-04-12,81.7625,87.2,91.6,7.11742138400826,5,20.8333333333333,4
"328","2023",103,2023-04-13,83.025,86.825,91.75,3.89193395364286,2,8.33333333333333,4
"329","2023",104,2023-04-14,82.0625,87.125,91.5875,2.56232052970575,2,8.33333333333333,4
"330","2023",105,2023-04-15,84.325,88.05,92.325,9.92795499351953,2,8.33333333333333,4
"331","2023",106,2023-04-16,82.5375,88.65,93.9125,13.0049122675796,6,25,4
"332","2023",107,2023-04-17,84.1125,88.15,90.025,11.306552445955,3,12.5,4
"333","2023",108,2023-04-18,82.275,87.625,91.1625,9.20426092366172,4,16.6666666666667,4
"334","2023",109,2023-04-19,77.825,83.025,84.775,8.32185660436097,1,4.16666666666667,4
"335","2023",110,2023-04-20,82.0375,88.225,91.8625,9.48793313596827,3,12.5,4
"336","2023",111,2023-04-21,86.6,89.9,92.7125,5.16411950847788,4,16.6666666666667,4
"337","2023",112,2023-04-22,80.5875,86.75,89.5125,6.79202381565389,2,8.33333333333333,4
"338","2023",113,2023-04-23,76.5,81.5,87.625,5.26887035709217,2,8.33333333333333,4
"339","2023",114,2023-04-24,77.1875,82.85,87.125,2.38908350032435,1,4.16666666666667,4
"340","2023",115,2023-04-25,83.2,86.925,92.95,4.89905456023466,4,16.6666666666667,4
"341","2023",116,2023-04-26,79.55,81.3,87.925,2.70174795117807,3,12.5,4
"342","2023",117,2023-04-27,86.7125,89.75,94.85,3.35674267282521,8,33.3333333333333,4
"343","2023",118,2023-04-28,81.65,83.8,88.25,5.78268883275076,2,11.7647058823529,4
"344","2023",119,2023-04-29,86.35,90.925,93.5,6.5404109917976,6,25,4
"345","2023",120,2023-04-30,78.8375,84.475,87.675,3.85085098642456,2,8.33333333333333,4
"346","2023",121,2023-05-01,86.3875,89.8,94.9125,3.53952296267669,8,33.3333333333333,5
"347","2023",122,2023-05-02,78.3,84.2,88.275,2.65733652177862,2,8.33333333333333,5
"348","2023",123,2023-05-03,78.375,85.425,89.875,3.48575541913142,2,8.33333333333333,5
"349","2023",124,2023-05-04,83.275,88.925,91.825,2.9087195204874,4,16.6666666666667,5
"350","2023",125,2023-05-05,NA,NA,NA,NA,NA,NA,5
"351","2023",126,2023-05-06,81.35,83.225,89.7,2.99444437816749,3,12.5,5
"352","2023",127,2023-05-07,82.8875,88.725,91.3875,2.10275392901087,3,12.5,5
"353","2023",128,2023-05-08,82.05,86.275,91.7625,3.29395669590589,2,8.33333333333333,5
"354","2023",129,2023-05-09,83.1375,87.5,94.15,4.29929822763862,6,25,5
"355","2023",130,2023-05-10,84.325,88.8,91.275,4.61956302486678,4,16.6666666666667,5
"356","2023",131,2023-05-11,82.1125,89.025,92.3375,4.0706222621683,5,20.8333333333333,5
"357","2023",132,2023-05-12,85.6375,89.6,90.325,3.4452657228217,1,5.55555555555556,5
"358","2023",133,2023-05-13,85.9375,92.725,97.65,3.72902530659801,10,41.6666666666667,5
"359","2023",134,2023-05-14,89.65,92.95,99.075,5.46319800305623,11,45.8333333333333,5
"360","2023",135,2023-05-15,84.475,91.375,94.325,5.52447009719048,7,29.1666666666667,5
"361","2023",136,2023-05-16,83.075,89.45,92.9375,2.12187332992935,4,16.6666666666667,5
"362","2023",137,2023-05-17,84.2,87.4,93.0625,3.38869532600912,5,20.8333333333333,5
"363","2023",138,2023-05-18,86.2625,90.125,93.125,2.83008416250393,5,20.8333333333333,5
"364","2023",139,2023-05-19,85.1,89.275,95,4.19374021870745,8,33.3333333333333,5
"365","2023",140,2023-05-20,85.4,90.5,95.1,7.13173386852489,8,33.3333333333333,5
"366","2023",141,2023-05-21,89.8625,93.425,96.3375,8.55903583647927,12,50,5
"367","2023",142,2023-05-22,89.7375,92.55,94.825,4.12713380301244,9,37.5,5
"368","2023",143,2023-05-23,90.675,94.475,96.0625,3.48771562448319,13,54.1666666666667,5
"369","2023",144,2023-05-24,85.8875,91.775,95.6875,3.02933954112969,9,37.5,5
"370","2023",145,2023-05-25,92.7,94.2,97.1625,2.40927373245248,12,50,5
"371","2023",146,2023-05-26,85.425,90.85,92.375,4.71406879645806,4,16.6666666666667,5
"372","2023",147,2023-05-27,89.6875,94.725,97.5125,4.81020163301118,12,50,5
"373","2023",148,2023-05-28,84.7125,89.15,93.3125,3.86893621423249,5,20.8333333333333,5
"374","2023",149,2023-05-29,79.9875,89.275,94.425,7.11376460748895,7,29.1666666666667,5
"375","2023",150,2023-05-30,84.05,88.025,92.35,8.70836844435294,5,20.8333333333333,5
"376","2023",151,2023-05-31,NA,NA,NA,NA,NA,NA,5
"377","2023",152,2023-06-01,85.45,88.4,92.4375,5.49433452793112,5,20.8333333333333,6
"378","2023",153,2023-06-02,85.375,91.65,95.15,3.71705130039446,7,29.1666666666667,6
"379","2023",154,2023-06-03,85.5625,93.875,95.5375,1.74064647706298,11,45.8333333333333,6
"380","2023",155,2023-06-04,93.425,97.15,98.925,9.05297847967512,15,62.5,6
"381","2023",156,2023-06-05,92.3375,97.625,102.0625,6.4771599476141,16,66.6666666666667,6
"382","2023",157,2023-06-06,90.5,95.5,101.5375,2.68176833289856,13,54.1666666666667,6
"383","2023",158,2023-06-07,84.9125,94.1,101.075,4.62279138946502,12,50,6
"384","2023",159,2023-06-08,85.9625,95.25,100.825,2.37735686580489,13,54.1666666666667,6
"385","2023",160,2023-06-09,94.525,97.7,100.4625,4.42333515399908,19,79.1666666666667,6
"386","2023",161,2023-06-10,84.9,93.4,96.75,3.0839519855102,11,45.8333333333333,6
"387","2023",162,2023-06-11,86.7125,90.85,94.3375,2.48223654697094,7,29.1666666666667,6
"388","2023",163,2023-06-12,80.5625,85.9,92.3375,2.47379808980532,5,20.8333333333333,6
"389","2023",164,2023-06-13,81.8125,85.225,90.925,5.86588580571801,5,20.8333333333333,6
"390","2023",165,2023-06-14,85.35,88.95,90.9625,3.32127666440876,3,12.5,6
"391","2023",166,2023-06-15,84.2625,91.75,96.45,4.98938438518031,10,41.6666666666667,6
"392","2023",167,2023-06-16,87.6375,92.175,95.9375,3.10044121847087,8,33.3333333333333,6
"393","2023",168,2023-06-17,87.2125,94.6,99.3125,5.98366161966449,13,54.1666666666667,6
"394","2023",169,2023-06-18,84.5,93.4,97.8,6.59174715175608,11,45.8333333333333,6
"395","2023",170,2023-06-19,89.9125,94.125,98.725,3.60229782188054,12,50,6
"396","2023",171,2023-06-20,86.85,93.725,97.825,4.08894218989748,10,41.6666666666667,6
"397","2023",172,2023-06-21,92.0625,93.625,95.45,1.52010506074114,8,33.3333333333333,6
"398","2023",173,2023-06-22,88.0625,93.5,96.1125,4.05535645011747,10,41.6666666666667,6
"399","2023",174,2023-06-23,88.7625,91.85,95.9625,3.60845607484522,8,33.3333333333333,6
"400","2023",175,2023-06-24,90.45,92.5,95.675,3.23068371088445,9,37.5,6
"401","2023",176,2023-06-25,86.175,87.85,92.575,3.90128424561159,4,16.6666666666667,6
"402","2023",177,2023-06-26,84.875,89.325,94.2,3.22424513173349,6,25,6
"403","2023",178,2023-06-27,79.175,86.8,90.125,2.67782928980808,2,8.33333333333333,6
"404","2023",179,2023-06-28,83.575,87.35,95.125,1.89769518295741,8,33.3333333333333,6
"405","2023",180,2023-06-29,86.0625,91.075,93.8375,3.88839795869809,6,25,6
"406","2023",181,2023-06-30,82.75,89.125,92.225,6.40745021028023,5,20.8333333333333,6
"407","2023",182,2023-07-01,88.075,90.975,96.925,7.60838392940386,7,29.1666666666667,7
"408","2023",183,2023-07-02,82.25,91,96.2125,2.55166086152969,7,29.1666666666667,7
"409","2023",184,2023-07-03,89.875,92.775,99.1625,3.27512341746763,11,45.8333333333333,7
"410","2023",185,2023-07-04,85.075,91.125,97.1375,3.77169963828741,9,37.5,7
"411","2023",186,2023-07-05,85.2625,92.325,99.1875,2.14366231542292,12,50,7
"412","2023",187,2023-07-06,86.8375,92.2,97.475,3.45981016664136,9,37.5,7
"413","2023",188,2023-07-07,87.725,91.8,95.8125,2.80496874631406,8,33.3333333333333,7
"414","2023",189,2023-07-08,84.8125,90.35,94.275,1.43583829445537,7,29.1666666666667,7
"415","2023",190,2023-07-09,81.0875,87.575,93.275,2.83127548029848,6,25,7
"416","2023",191,2023-07-10,80.4125,85.85,92.2875,2.48207625772072,3,12.5,7
"417","2023",192,2023-07-11,80.05,85.2,88.7625,1.26724566072601,4,16.6666666666667,7
"418","2023",193,2023-07-12,80.3625,86.675,92.65,3.13035996544015,4,16.6666666666667,7
"419","2023",194,2023-07-13,84.3875,89.7,92.5,3.21737110273548,4,16.6666666666667,7
"420","2023",195,2023-07-14,81.9125,88.375,95.3,4.55550947242418,7,29.1666666666667,7
"421","2023",196,2023-07-15,88.0375,93.3,95.7625,5.05571989297341,11,45.8333333333333,7
"422","2023",197,2023-07-16,87.1625,92.925,96.875,4.64217300210015,11,45.8333333333333,7
"423","2023",198,2023-07-17,89.3125,94.975,98.0875,3.53304782954924,13,54.1666666666667,7
"424","2023",199,2023-07-18,88.5,91.675,97.4125,5.0138118789101,10,41.6666666666667,7
"425","2023",200,2023-07-19,87.175,90.925,96.1375,5.51725273074791,8,33.3333333333333,7
"426","2023",201,2023-07-20,84.8625,93.275,97.0875,3.4426104132701,12,50,7
"427","2023",202,2023-07-21,84.8375,89.6,92.95,3.32474517878377,5,20.8333333333333,7
"428","2023",203,2023-07-22,84.4,88.575,90.7,2.83176005851569,3,12.5,7
"429","2023",204,2023-07-23,86.9375,90.2,94.5375,3.15437465881316,6,25,7
"430","2023",205,2023-07-24,82.9875,87.125,90.975,5.46778906159498,2,8.33333333333333,7
"431","2023",206,2023-07-25,83.45,87.75,92.75,4.32303248239227,4,16.6666666666667,7
"432","2023",207,2023-07-26,81.5875,87.8,91.625,2.87873071013846,2,8.33333333333333,7
"433","2023",208,2023-07-27,83.9875,88.725,93.3625,3.23647219352248,5,20.8333333333333,7
"434","2023",209,2023-07-28,85.1125,89.475,93.4375,3.53394459395263,5,20.8333333333333,7
"435","2023",210,2023-07-29,85.3875,89.075,92.55,3.87009739872866,5,20.8333333333333,7
"436","2023",211,2023-07-30,84.35,87.9,95.5625,2.54949640547701,9,37.5,7
"437","2023",212,2023-07-31,88.9875,93.025,96.375,3.66023834149599,8,33.3333333333333,7
"438","2023",213,2023-08-01,87.15,91.95,95.85,4.67637586512617,8,33.3333333333333,8
"439","2023",214,2023-08-02,90.0625,92.3,96.8,3.91256103528251,7,29.1666666666667,8
"440","2023",215,2023-08-03,89.125,92.65,94.775,3.1818352548564,7,29.1666666666667,8
"441","2023",216,2023-08-04,84.7375,89.7,92.95,4.16478811082061,4,16.6666666666667,8
"442","2023",217,2023-08-05,83.2625,88.65,90.825,2.12488346467998,2,8.33333333333333,8
"443","2023",218,2023-08-06,84.1125,89.125,92.7875,3.69844413233132,2,8.33333333333333,8
"444","2023",219,2023-08-07,79.2875,86.4,92.175,2.85019424992643,4,16.6666666666667,8
"445","2023",220,2023-08-08,84.2375,87.4,92.2875,2.85000759820279,4,16.6666666666667,8
"446","2023",221,2023-08-09,81.0625,90.1,92.5875,2.80620583973081,4,16.6666666666667,8
"447","2023",222,2023-08-10,82.525,87.45,92.35,1.74765254703376,3,12.5,8
"448","2023",223,2023-08-11,81.75,84.575,91.9375,2.5819425550159,4,16.6666666666667,8
"449","2023",224,2023-08-12,89.575,91.825,93.5625,4.34491810450977,4,16.6666666666667,8
"450","2023",225,2023-08-13,82.3,86.95,92.3,3.04883894474791,4,16.6666666666667,8
"451","2023",226,2023-08-14,88.8625,90.8,93.8375,3.47972239047247,4,16.6666666666667,8
"452","2023",227,2023-08-15,85.0875,86.75,93.325,1.74862558377391,3,12.5,8
"453","2023",228,2023-08-16,85.4875,88.6,92.7625,3.34963249249458,3,12.5,8
"454","2023",229,2023-08-17,89.5375,91.425,94.95,2.7968379622649,7,29.1666666666667,8
"455","2023",230,2023-08-18,85.075,88.225,91.3,3.87335445194027,3,12.5,8
"456","2023",231,2023-08-19,84.1125,86.475,89.425,2.93672409898614,1,4.16666666666667,8
"457","2023",232,2023-08-20,86.1,89.975,94.8125,1.66701629825917,8,33.3333333333333,8
"458","2023",233,2023-08-21,84.075,87.4,90.2625,5.73858573374543,3,12.5,8
"459","2023",234,2023-08-22,81.7375,85.3,88.9,3.02016627538473,2,8.33333333333333,8
"460","2023",235,2023-08-23,77.475,80.5,86.8375,1.98985394861706,1,4.16666666666667,8
"461","2023",236,2023-08-24,84.975,87,90.325,3.40285376198356,1,4.16666666666667,8
"462","2023",237,2023-08-25,84.5625,89.65,93.6125,5.83062181659113,5,20.8333333333333,8
"463","2023",238,2023-08-26,84.7625,88.2,91.6125,2.98624953289242,3,12.5,8
"464","2023",239,2023-08-27,85.575,88.1,91.9875,3.76792319367896,3,12.5,8
"465","2023",240,2023-08-28,87.625,90.6,93.95,2.19095883530657,5,26.3157894736842,8
"466","2023",241,2023-08-29,85.5625,89.55,92.5875,2.76105073807232,4,16.6666666666667,8
"467","2023",242,2023-08-30,85.4,89.6,94.9,1.35351704345482,4,30.7692307692308,8
"468","2023",243,2023-08-31,82.05,88.425,93.2875,2.68505898073704,4,16.6666666666667,8
"469","2023",244,2023-09-01,84.6,88.15,91.1875,2.97295353013298,4,16.6666666666667,9
"470","2023",245,2023-09-02,87.15,90.25,96.25,3.43847254522536,9,37.5,9
"471","2023",246,2023-09-03,81.3875,84.925,88.7625,2.89646346396012,3,12.5,9
"472","2023",247,2023-09-04,86.275,88.45,92.8375,3.05033610910652,5,20.8333333333333,9
"473","2023",248,2023-09-05,83.675,88.6,90.95,1.79976459247554,2,8.33333333333333,9
"474","2023",249,2023-09-06,86.6,88.2,92.1,1.79104692082874,4,16.6666666666667,9
"475","2023",250,2023-09-07,82.3125,87.05,91.0375,2.90108176366886,2,8.33333333333333,9
"476","2023",251,2023-09-08,84.95,89.525,92.3375,3.67011303279157,3,12.5,9
"477","2023",252,2023-09-09,86.5375,89.725,92.9375,2.26382218610187,5,20.8333333333333,9
"478","2023",253,2023-09-10,81.25,87.425,91.925,3.13713267280925,1,4.16666666666667,9
"479","2023",254,2023-09-11,81.575,85.15,90.15,1.78525299810378,0,0,9
"480","2023",255,2023-09-12,83.2625,86.95,90.55,3.88563323065801,3,12.5,9
"481","2023",256,2023-09-13,84.3375,87.425,89.6125,1.69324617935569,1,4.16666666666667,9
"482","2023",257,2023-09-14,85.9375,88.275,89.5125,3.45373250352867,2,8.33333333333333,9
"483","2023",258,2023-09-15,80.7375,83.6,88.2875,4.23574600054958,2,8.33333333333333,9
"484","2023",259,2023-09-16,79.475,87.475,90.6625,4.87891647067635,2,8.33333333333333,9
"485","2023",260,2023-09-17,76.9625,83.175,88.8875,4.22208927157042,2,8.33333333333333,9
"486","2023",261,2023-09-18,76.95,81.3,89.45,7.62959750202321,1,4.16666666666667,9
"487","2023",262,2023-09-19,84.2,89.25,92.7,6.29768741630296,3,12.5,9
"488","2023",263,2023-09-20,83.0125,88.925,93.8875,2.83674839637233,6,25,9
"489","2023",264,2023-09-21,86.7125,91.85,95.0375,3.85585400133508,7,29.1666666666667,9
"490","2023",265,2023-09-22,86.75,90.9,92.7375,1.25502082597325,5,20.8333333333333,9
"491","2023",266,2023-09-23,83.9625,89,92.1875,2.87600981851902,4,16.6666666666667,9
"492","2023",267,2023-09-24,86.45,89.05,91.9,7.77615581968244,4,16.6666666666667,9
"493","2023",268,2023-09-25,86.2625,90.1,94.325,12.4504502585094,7,29.1666666666667,9
"494","2023",269,2023-09-26,88.0375,91.45,95.1625,12.7981645192614,9,37.5,9
"495","2023",270,2023-09-27,88.0625,91.775,94.8875,6.00234558586628,8,33.3333333333333,9
"496","2023",271,2023-09-28,91.6375,93.75,97.7,3.83532017743937,11,45.8333333333333,9
"497","2023",272,2023-09-29,88.5625,92.15,93.9875,2.76515596893765,5,20.8333333333333,9
"498","2023",273,2023-09-30,88.9625,90.8,96.0375,2.16233299801331,8,33.3333333333333,9
"499","2023",274,2023-10-01,83.675,85.725,89.5,2.55998606613664,3,12.5,10
"500","2023",275,2023-10-02,87.8875,89.325,90.55,4.06457486476889,3,18.75,10
"501","2023",276,2023-10-03,83.4375,90.675,93.8875,1.9855841499105,6,25,10
"502","2023",277,2023-10-04,88.4125,93.1,96.3125,1.35905141318193,11,45.8333333333333,10
"503","2023",278,2023-10-05,90.425,92.45,94.675,5.05859720862856,7,29.1666666666667,10
"504","2023",279,2023-10-06,88.3625,92.65,95.3625,6.45206868716355,7,29.1666666666667,10
"505","2023",280,2023-10-07,90.25,94.425,97.625,7.94799979439411,14,58.3333333333333,10
"506","2023",281,2023-10-08,87.1375,90.525,94.775,5.14995767249673,7,29.1666666666667,10
"507","2023",282,2023-10-09,86.15,89.6,94.2875,8.04624949431258,6,25,10
"508","2023",283,2023-10-10,92.1875,93.95,98.9125,10.6884194391992,12,50,10
"509","2023",284,2023-10-11,86.8125,90.8,96.8,7.42448560619266,10,41.6666666666667,10
"510","2023",285,2023-10-12,85.425,92.725,101.225,5.16064014607406,8,33.3333333333333,10
"511","2023",286,2023-10-13,83.225,89.225,95.35,8.84415497483431,7,29.1666666666667,10
"512","2023",287,2023-10-14,91.3125,95.525,101.4125,7.55850948611797,16,66.6666666666667,10
"513","2023",288,2023-10-15,87.3375,93.475,99.175,8.11677399808372,11,45.8333333333333,10
"514","2023",289,2023-10-16,87.85,91.925,95.375,11.0034986935378,9,37.5,10
"515","2023",290,2023-10-17,89.3,94.65,96.5875,6.89816759957786,12,50,10
"516","2023",291,2023-10-18,93.675,96,100.925,11.8490585611609,17,70.8333333333333,10
"517","2023",292,2023-10-19,89.3375,96.225,101.0125,6.16971060610543,15,62.5,10
"518","2023",293,2023-10-20,88.05,93.575,101.1875,3.40979378948598,11,45.8333333333333,10
"519","2023",294,2023-10-21,90.8125,95.325,99.0625,2.25403028359147,14,58.3333333333333,10
"520","2023",295,2023-10-22,85.625,89.55,93.025,3.31674433235665,6,25,10
"521","2023",296,2023-10-23,87.525,92.525,94.325,8.42549411490373,7,29.1666666666667,10
"522","2023",297,2023-10-24,83.4,90.625,96.725,7.41321491180748,8,33.3333333333333,10
"523","2023",298,2023-10-25,82.1375,87.725,94.525,6.50536750145307,6,25,10
"524","2023",299,2023-10-26,87.1125,92.9,97.75,3.71368060850497,9,37.5,10
"525","2023",300,2023-10-27,85.6875,91.35,96.2375,4.84131737382976,9,37.5,10
"526","2023",301,2023-10-28,85.25,90.675,94.3125,3.06167178370744,7,29.1666666666667,10
"527","2023",302,2023-10-29,88.6375,93.725,100.0625,4.63324104010323,11,45.8333333333333,10
"528","2023",303,2023-10-30,91.2875,93.725,95.7625,7.95016979532338,12,50,10
"529","2023",304,2023-10-31,89.9625,94.525,98.05,8.75182200274955,13,54.1666666666667,10
"530","2023",305,2023-11-01,90.1875,97.2,101.125,7.17175649603826,16,66.6666666666667,11
"531","2023",306,2023-11-02,87.9125,94.8,101.025,8.19245099483606,13,54.1666666666667,11
"532","2023",307,2023-11-03,88.7625,94.075,99.6375,5.58986569531191,12,50,11
"533","2023",308,2023-11-04,88.7375,95.925,99.1875,13.314275270176,14,58.3333333333333,11
"534","2023",309,2023-11-05,88.575,93.225,100.35,8.65555292685938,12,50,11
"535","2023",310,2023-11-06,85.2,91.65,98.75,7.81770375045455,8,33.3333333333333,11
"536","2023",311,2023-11-07,89.65,93.25,96.725,11.2496973879649,11,45.8333333333333,11
"537","2023",312,2023-11-08,82.875,97.225,101.025,6.63281919314886,14,58.3333333333333,11
"538","2023",313,2023-11-09,93.0125,96.575,100.65,7.78513673410674,15,62.5,11
"539","2023",314,2023-11-10,92.175,97.8,103.6875,5.67984017531671,15,62.5,11
"540","2023",315,2023-11-11,85.775,95.525,97.6125,12.4291665959444,15,62.5,11
"541","2023",316,2023-11-12,88.0625,94.3,101.075,9.99104697393379,12,50,11
"542","2023",317,2023-11-13,96.2625,97.575,102.05,3.83477199772909,19,79.1666666666667,11
"543","2023",318,2023-11-14,94.6375,98.1,102.0125,2.97800162044197,19,79.1666666666667,11
"544","2023",319,2023-11-15,94.0625,96.775,100.7375,2.22265094653948,18,75,11
"545","2023",320,2023-11-16,91.4,96.275,100.1875,3.2730099019821,14,58.3333333333333,11
"546","2023",321,2023-11-17,93.725,97.175,99.45,8.35170485779959,17,70.8333333333333,11
"547","2023",322,2023-11-18,95.15,98.35,101.65,9.36971263103775,18,75,11
"548","2023",323,2023-11-19,93.5125,98.2,102.5,12.7398317066246,16,66.6666666666667,11
"549","2023",324,2023-11-20,87.325,89.475,92.8125,6.59464058746717,5,20.8333333333333,11
"550","2023",325,2023-11-21,86.5,95.675,96.675,8.59393333137776,14,58.3333333333333,11
"551","2023",326,2023-11-22,83.925,92.125,95.275,6.67109635029287,7,29.1666666666667,11
"552","2023",327,2023-11-23,86.975,92.95,95.625,2.64307076504486,8,33.3333333333333,11
"553","2023",328,2023-11-24,88.425,94.1,97.2875,2.54036491100541,12,50,11
"554","2023",329,2023-11-25,91.3,95.5,99.95,3.92332834961049,13,54.1666666666667,11
"555","2023",330,2023-11-26,86.7875,92.4,94.7625,6.6322043251165,7,29.1666666666667,11
"556","2023",331,2023-11-27,93.35,95.2,99.6125,8.83181371190791,13,54.1666666666667,11
"557","2023",332,2023-11-28,94.025,95.275,97.5625,6.50732334571241,18,75,11
"558","2023",333,2023-11-29,93.1625,97.1,99.675,4.30291746306015,17,70.8333333333333,11
"559","2023",334,2023-11-30,95.0375,97.9,101.3,10.0636461702418,18,75,11
"560","2023",335,2023-12-01,93.6125,102.175,105.225,5.26519976985572,17,70.8333333333333,12
"561","2023",336,2023-12-02,90.0625,96.975,101.05,11.368549204135,14,58.3333333333333,12
"562","2023",337,2023-12-03,93.0625,97.45,102.3,8.52393490710927,17,70.8333333333333,12
"563","2023",338,2023-12-04,88.9125,94.825,97.5625,8.82971267785353,13,54.1666666666667,12
"564","2023",339,2023-12-05,86.5375,93.675,100.175,8.36269562727094,12,50,12
"565","2023",340,2023-12-06,96.0875,97.575,99.175,3.91026942696525,20,83.3333333333333,12
"566","2023",341,2023-12-07,87.7,93.525,96.25,3.25301136935122,10,41.6666666666667,12
"567","2023",342,2023-12-08,86.6625,93.25,96.525,5.83572814355835,12,50,12
"568","2023",343,2023-12-09,87.6875,91.475,96.0625,11.3429516139759,11,45.8333333333333,12
"569","2023",344,2023-12-10,84.05,89.875,95.1875,8.48518100406836,8,33.3333333333333,12
"570","2023",345,2023-12-11,84.125,88.125,94.4375,3.68407553707085,8,33.3333333333333,12
"571","2023",346,2023-12-12,84.825,89.35,94.6375,8.79900875466086,8,33.3333333333333,12
"572","2023",347,2023-12-13,84.55,88.2,92.1625,10.3194482209471,5,20.8333333333333,12
"573","2023",348,2023-12-14,91.4375,94.375,98.1,3.40012884192299,12,50,12
"574","2023",349,2023-12-15,90.5,94.625,98.6625,10.3694622111287,14,58.3333333333333,12
"575","2023",350,2023-12-16,90.0625,92.95,98.1125,4.23111436374562,11,45.8333333333333,12
"576","2023",351,2023-12-17,89.0875,93.95,100.1625,10.681030754208,12,50,12
"577","2023",352,2023-12-18,90.9,94.1,96.7,9.26968982066703,12,50,12
"578","2023",353,2023-12-19,84.7,90.6,93.4375,9.37906642601962,5,20.8333333333333,12
"579","2023",354,2023-12-20,86.45,91.375,94.7875,4.14797126619337,8,33.3333333333333,12
"580","2023",355,2023-12-21,84.2625,89.6,94.3125,3.22374096156568,6,25,12
"581","2023",356,2023-12-22,82.35,86.85,90.8875,10.5181281650364,5,20.8333333333333,12
"582","2023",357,2023-12-23,83.25,86.95,91.6375,4.92225312340025,2,8.33333333333333,12
"583","2023",358,2023-12-24,87.175,91.125,94.2875,10.0215509540938,6,25,12
"584","2023",359,2023-12-25,87.5,92.15,96.0875,12.8912678271407,10,41.6666666666667,12
"585","2023",360,2023-12-26,83.0625,84.65,91.7375,9.00769265036851,5,20.8333333333333,12
"586","2023",361,2023-12-27,85.3375,89.25,94.8375,12.6477906987015,7,29.1666666666667,12
"587","2023",362,2023-12-28,85.7,91.05,94.4375,12.8124609954295,7,29.1666666666667,12
"588","2023",363,2023-12-29,88.8875,91.95,94.5625,11.1361580614126,7,29.1666666666667,12
"589","2023",364,2023-12-30,86.95,92.7,95.3,8.372120255511,9,37.5,12
"590","2023",365,2023-12-31,90.5625,95.825,99.1875,1.70131347867392,16,66.6666666666667,12
"591","2024",1,2024-01-01,80.3375,86.1,90.875,7.17465805348636,3,12.5,1
"592","2024",2,2024-01-02,86.3625,89.825,94.2125,11.7667240712133,6,25,1
"593","2024",3,2024-01-03,87.35,90.775,95.85,10.2626158372538,8,33.3333333333333,1
"594","2024",4,2024-01-04,87.125,90.4,94.1375,8.54470307952075,6,25,1
"595","2024",5,2024-01-05,85.8125,88.75,94.1875,8.83824355204026,6,25,1
"596","2024",6,2024-01-06,83.9125,88.575,94.525,13.2476251280846,8,33.3333333333333,1
"597","2024",7,2024-01-07,82.1625,84.275,86.6875,3.65031565229993,4,16.6666666666667,1
"598","2024",8,2024-01-08,82.9875,85,95.575,7.98285307208777,7,29.1666666666667,1
"599","2024",9,2024-01-09,89.8625,92.575,95.7375,17.6685022512292,8,33.3333333333333,1
"600","2024",10,2024-01-10,92.7625,97.2,98.9,13.382233677311,17,70.8333333333333,1
"601","2024",11,2024-01-11,90.4625,94.275,97.275,16.3783048138299,12,50,1
"602","2024",12,2024-01-12,91.6125,94.525,97.8375,9.30114803984022,12,50,1
"603","2024",13,2024-01-13,88.0375,90.5,95.05,11.3031848624872,8,33.3333333333333,1
"604","2024",14,2024-01-14,90.4,93.475,96.55,7.07349277502939,11,45.8333333333333,1
"605","2024",15,2024-01-15,91.3,95.1,100.375,8.60375641509745,13,54.1666666666667,1
"606","2024",16,2024-01-16,86.15,92.025,94.4625,10.9333977839036,7,29.1666666666667,1
"607","2024",17,2024-01-17,91.9875,95.425,96.9625,9.65722565627131,13,54.1666666666667,1
"608","2024",18,2024-01-18,87.5375,92.35,96.2875,12.1544996154688,10,41.6666666666667,1
"609","2024",19,2024-01-19,84.1,86.15,92.6,15.1141808341434,6,25,1
"610","2024",20,2024-01-20,84.2875,90.55,93.9875,10.6597328894052,5,20.8333333333333,1
"611","2024",21,2024-01-21,87.725,90.5,95.9875,9.67670562891749,7,29.1666666666667,1
"612","2024",22,2024-01-22,82.4625,86.5,93.1875,7.5954407713562,3,12.5,1
"613","2024",23,2024-01-23,85.85,89.9,91.6625,5.02205096486901,3,12.5,1
"614","2024",24,2024-01-24,84,89.2,94.2125,8.55479236634004,7,29.1666666666667,1
"615","2024",25,2024-01-25,88.65,91.4,97.2125,7.31870329839296,8,33.3333333333333,1
"616","2024",26,2024-01-26,85.8,93.15,98.45,8.24234324553532,11,45.8333333333333,1
"617","2024",27,2024-01-27,85.275,92.825,97.825,8.8210096434089,10,41.6666666666667,1
"618","2024",28,2024-01-28,85.6625,88.125,93.125,5.69418393047519,4,16.6666666666667,1
"619","2024",29,2024-01-29,88.55,93.1875,96.575,9.50015790558457,9,37.5,1
"620","2024",30,2024-01-30,84.1375,87.3875,93.95625,8.28897621654981,6,25,1
"621","2024",31,2024-01-31,83.04375,89.825,93.66875,11.4340448386807,6,25,1
"622","2024",32,2024-02-01,85.1625,89.35,93.85,9.7351354328255,6,25,2
"623","2024",33,2024-02-02,83.7125,88.6,94.10625,9.65569073217168,6,25,2
"624","2024",34,2024-02-03,84.4375,93.225,95.6625,3.64433301585518,10,41.6666666666667,2
"625","2024",35,2024-02-04,91.45,95.225,99.55,2.72542529361778,15,62.5,2
"626","2024",36,2024-02-05,81.2375,89.025,95.9125,3.29761618298339,9,37.5,2
"627","2024",37,2024-02-06,87.325,91.175,96.6375,2.93398915392285,8,33.3333333333333,2
"628","2024",38,2024-02-07,85.5625,89.3375,97.06875,2.91388353122474,9,37.5,2
"629","2024",39,2024-02-08,85.5375,90.225,95.6875,2.92080744573038,9,37.5,2
"630","2024",40,2024-02-09,85.975,91.8875,95.53125,5.03327711865617,8,33.3333333333333,2
"631","2024",41,2024-02-10,84.5625,91.4125,97.425,5.90004415812443,8,33.3333333333333,2
"632","2024",42,2024-02-11,82.19375,88.2625,93.7,8.75849322196195,6,25,2
"633","2024",43,2024-02-12,84.1125,89.7375,94.9625,5.22000180131577,10,41.6666666666667,2
"634","2024",44,2024-02-13,82.65,87.7125,95.6125,5.79698019445872,7,29.1666666666667,2
"635","2024",45,2024-02-14,88.65625,89.9625,93.56875,6.88912628490549,5,20.8333333333333,2
"636","2024",46,2024-02-15,82.3125,87.1,92.95625,8.28970156656175,4,16.6666666666667,2
"637","2024",47,2024-02-16,86.18125,92.675,95.6125,10.6501326795429,10,41.6666666666667,2
"638","2024",48,2024-02-17,87.1875,92.1375,95.88125,12.0682239182176,10,41.6666666666667,2
"639","2024",49,2024-02-18,85.575,89.575,93.275,7.88755362524696,6,25,2
"640","2024",50,2024-02-19,87.35,90.6125,92.9875,6.87690741197834,3,12.5,2
"641","2024",51,2024-02-20,87.2125,90.35,95.39375,6.8416537327295,7,29.1666666666667,2
"642","2024",52,2024-02-21,83.075,89.1125,93.00625,6.06767942667551,6,25,2
"643","2024",53,2024-02-22,80.19375,89.0125,95.2125,5.2330594979205,9,37.5,2
"644","2024",54,2024-02-23,87.81875,91.1875,96.0875,2.93472976440405,7,29.1666666666667,2
"645","2024",55,2024-02-24,82.1875,89.55,96.39375,7.09285379983519,8,33.3333333333333,2
"646","2024",56,2024-02-25,85.25,89.4625,97.1875,8.64195199060222,9,37.5,2
"647","2024",57,2024-02-26,85.825,88.2875,92.45,12.1323661444452,3,12.5,2
"648","2024",58,2024-02-27,86.65625,89.6125,93.7875,10.0994567739259,5,20.8333333333333,2
"649","2024",59,2024-02-28,89.3875,93.4375,98.18125,11.399815930177,11,45.8333333333333,2
"650","2024",60,2024-02-29,78.46875,84.45,89.73125,6.09074603387164,3,12.5,2
"651","2024",61,2024-03-01,83.55625,90.25,93.5,7.51330154694632,6,25,3
"652","2024",62,2024-03-02,80.90625,91.075,95.075,6.62848502251494,7,29.1666666666667,3
"653","2024",63,2024-03-03,87.85625,92.95,97.41875,8.80609468234582,10,41.6666666666667,3
"654","2024",64,2024-03-04,80.41875,87.6,92.4625,5.56631667379506,6,25,3
"655","2024",65,2024-03-05,83.075,86.4375,89.50625,2.90907216557326,4,16.6666666666667,3
"656","2024",66,2024-03-06,84.05625,87.4125,92.7375,2.50136142985096,5,20.8333333333333,3
"657","2024",67,2024-03-07,84.91875,88.5,94.15,3.66535040047921,6,25,3
"658","2024",68,2024-03-08,81.9,87.3375,90.95,9.99483780240871,3,12.5,3
"659","2024",69,2024-03-09,81.6875,85.6875,93.29375,12.5816299542583,6,25,3
"660","2024",70,2024-03-10,87.2875,93.725,96.35625,12.7146134708568,10,41.6666666666667,3
"661","2024",71,2024-03-11,85.60625,92.9,97.825,9.82496161968656,10,41.6666666666667,3
"662","2024",72,2024-03-12,87.16875,92.3875,96.68125,9.58916542885842,10,41.6666666666667,3
"663","2024",73,2024-03-13,86.18125,89.125,91.7125,3.81703738463595,3,12.5,3
"664","2024",74,2024-03-14,84.1625,88.975,96.1625,2.74046654837531,8,33.3333333333333,3
"665","2024",75,2024-03-15,86.7625,93.5375,95.6125,6.36069488521805,7,38.8888888888889,3
"666","2024",76,2024-03-16,85.475,90.675,97.475,7.84038070560384,9,37.5,3
"667","2024",77,2024-03-17,82.4875,89.075,93,3.17298895681368,6,25,3
"668","2024",78,2024-03-18,85.8625,89.925,94.575,3.6262867031912,8,33.3333333333333,3
"669","2024",79,2024-03-19,83.9875,90.1,95.3125,2.89900625632561,7,29.1666666666667,3
"670","2024",80,2024-03-20,88.4375,92.625,97.975,6.71872990241672,10,41.6666666666667,3
"671","2024",81,2024-03-21,85.5375,91.25,96.4375,4.02253931998289,8,33.3333333333333,3
"672","2024",82,2024-03-22,85.175,91.8,96.925,7.40721063383574,8,33.3333333333333,3
"673","2024",83,2024-03-23,89.8,94.55,96.1125,4.22117686431653,13,54.1666666666667,3
"674","2024",84,2024-03-24,85.85,91.45,97.3375,2.32280413515732,11,45.8333333333333,3
"675","2024",85,2024-03-25,87.1875,93.475,97.1,4.24231858705918,9,37.5,3
"676","2024",86,2024-03-26,79.95,88.7,92.6,6.01697533104398,5,20.8333333333333,3
"677","2024",87,2024-03-27,90.1,92.775,95.4375,8.34092485726232,9,37.5,3
"678","2024",88,2024-03-28,91.3,96.325,99.4125,11.9511971069911,13,54.1666666666667,3
"679","2024",89,2024-03-29,86.7125,92.5,98.8375,8.58204652029192,10,41.6666666666667,3
"680","2024",90,2024-03-30,81.2875,85.3,89.375,2.52285198694973,2,8.33333333333333,3
"681","2024",91,2024-03-31,86.45,89.375,92.05,3.17147264862533,2,8.33333333333333,3
"682","2024",92,2024-04-01,84.5625,90.9,95.425,4.66124283557361,7,29.1666666666667,4
"683","2024",93,2024-04-02,83.1625,91.25,97.3875,4.36016631944396,10,41.6666666666667,4
"684","2024",94,2024-04-03,85.3875,88.2,93.125,7.71366212114259,3,12.5,4
"685","2024",95,2024-04-04,87.0375,91.7,95.65,4.58591728376525,9,37.5,4
"686","2024",96,2024-04-05,87.5,92.5,95.1375,2.81674338438951,7,29.1666666666667,4
"687","2024",97,2024-04-06,84.1625,89.575,95.5375,4.63552507560019,8,33.3333333333333,4
"688","2024",98,2024-04-07,89.1,92.55,94.4,3.6502053234986,7,29.1666666666667,4
"689","2024",99,2024-04-08,86.2625,92.65,97.2375,9.3338226683348,10,41.6666666666667,4
"690","2024",100,2024-04-09,90.775,97.4,102.1875,7.24822243802016,15,62.5,4
"691","2024",101,2024-04-10,87.375,90.4,97.5875,2.6067445380943,9,37.5,4
"692","2024",102,2024-04-11,89.5625,95,98.6125,3.96062548073826,14,58.3333333333333,4
"693","2024",103,2024-04-12,87.55,93.5,100.6375,4.1515481045712,11,45.8333333333333,4
"694","2024",104,2024-04-13,89.4625,93.5,100.7375,2.8926698561262,10,41.6666666666667,4
"695","2024",105,2024-04-14,89.275,93.75,97.55,4.93757066725455,11,45.8333333333333,4
"696","2024",106,2024-04-15,86.5,90.875,97,12.2162268835464,10,41.6666666666667,4
"697","2024",107,2024-04-16,85.1625,93.825,95.8,7.85152456628215,9,37.5,4
"698","2024",108,2024-04-17,86.7125,90.525,96.7,4.45812531120082,9,37.5,4
"699","2024",109,2024-04-18,85.9625,92.05,95.3875,4.29527873037697,10,41.6666666666667,4
"700","2024",110,2024-04-19,82.8375,91.875,93.8375,5.77215005025735,5,20.8333333333333,4
"701","2024",111,2024-04-20,78.225,82.85,90.775,8.10051907704141,2,8.33333333333333,4
"702","2024",112,2024-04-21,82.225,87.65,93.2625,8.2823540403583,6,25,4
"703","2024",113,2024-04-22,81.175,88.425,92.6625,3.95471475913984,5,20.8333333333333,4
"704","2024",114,2024-04-23,88.9625,93.025,94.9125,4.25231716654018,7,29.1666666666667,4
"705","2024",115,2024-04-24,81.3,87.2,94.775,5.29397184363055,7,29.1666666666667,4
"706","2024",116,2024-04-25,87.8,95.65,97.85,8.68799895840847,13,54.1666666666667,4
"707","2024",117,2024-04-26,87.3375,90.75,94.9,4.56135756603941,8,33.3333333333333,4
"708","2024",118,2024-04-27,87.4875,91.75,96.95,5.778221531123,11,45.8333333333333,4
"709","2024",119,2024-04-28,89.2625,92.625,97.1375,8.04135009133871,11,45.8333333333333,4
"710","2024",120,2024-04-29,85.05,90.1,92.45,4.04500815222475,5,20.8333333333333,4
"711","2024",121,2024-04-30,86.35,90.3,95.65,4.46900404528697,9,37.5,4
"712","2024",122,2024-05-01,88.3125,90.3,92.4,3.3715055428013,4,16.6666666666667,5
"713","2024",123,2024-05-02,83.375,88.15,94.5125,2.6238638030432,7,29.1666666666667,5
"714","2024",124,2024-05-03,85.7625,92.475,97.6625,4.07034984964372,9,37.5,5
"715","2024",125,2024-05-04,79.5,88.525,92.75,5.1224117014735,4,16.6666666666667,5
"716","2024",126,2024-05-05,87.725,90.7,94.7625,6.42479952207342,8,33.3333333333333,5
"717","2024",127,2024-05-06,83.1875,89.975,91.6125,6.90922332291045,2,8.33333333333333,5
"718","2024",128,2024-05-07,87.025,92.8,98.1125,7.27052835786256,11,45.8333333333333,5
"719","2024",129,2024-05-08,88.75,97.05,98.175,7.03933432090499,8,53.3333333333333,5
"720","2024",130,2024-05-09,NA,NA,NA,NA,NA,NA,5
"721","2024",131,2024-05-10,NA,NA,NA,NA,NA,NA,5
"722","2024",132,2024-05-11,NA,NA,NA,NA,NA,NA,5
"723","2024",133,2024-05-12,NA,NA,NA,NA,NA,NA,5
"724","2024",134,2024-05-13,NA,NA,NA,NA,NA,NA,5
"725","2024",135,2024-05-14,NA,NA,NA,NA,NA,NA,5
"726","2024",136,2024-05-15,NA,NA,NA,NA,NA,NA,5
"727","2024",137,2024-05-16,NA,NA,NA,NA,NA,NA,5
"728","2024",138,2024-05-17,NA,NA,NA,NA,NA,NA,5
"729","2024",139,2024-05-18,NA,NA,NA,NA,NA,NA,5
"730","2024",140,2024-05-19,NA,NA,NA,NA,NA,NA,5
"731","2024",141,2024-05-20,NA,NA,NA,NA,NA,NA,5
"732","2024",142,2024-05-21,NA,NA,NA,NA,NA,NA,5
"733","2024",143,2024-05-22,NA,NA,NA,NA,NA,NA,5
"734","2024",144,2024-05-23,NA,NA,NA,NA,NA,NA,5
"735","2024",145,2024-05-24,NA,NA,NA,NA,NA,NA,5
"736","2024",146,2024-05-25,NA,NA,NA,NA,NA,NA,5
"737","2024",147,2024-05-26,NA,NA,NA,NA,NA,NA,5
"738","2024",148,2024-05-27,NA,NA,NA,NA,NA,NA,5
"739","2024",149,2024-05-28,NA,NA,NA,NA,NA,NA,5
"740","2024",150,2024-05-29,87.25,89.5,92.15,4.74670742295359,1,11.1111111111111,5
"741","2024",151,2024-05-30,85.1875,91.825,95.375,6.56576929969452,10,41.6666666666667,5
"742","2024",152,2024-05-31,86.875,89.825,94.4875,4.13795161005164,6,25,5
"743","2024",153,2024-06-01,88.1125,90.65,93.4625,2.31458080317468,3,12.5,6
"744","2024",154,2024-06-02,85.1125,91.1,92.8125,6.07733666160849,3,12.5,6
"745","2024",155,2024-06-03,86.0375,89.85,94.5375,8.62261963924254,7,29.1666666666667,6
"746","2024",156,2024-06-04,89.5,93.45,97.025,8.24061476203015,7,29.1666666666667,6
"747","2024",157,2024-06-05,91.6875,95.375,97.625,2.51488065319137,13,54.1666666666667,6
"748","2024",158,2024-06-06,93.4375,96.05,98.8,5.5711963260665,16,66.6666666666667,6
"749","2024",159,2024-06-07,93.2875,95.375,97.125,4.60121701756705,16,66.6666666666667,6
"750","2024",160,2024-06-08,89.4,91.9,96.325,4.53783697320961,8,33.3333333333333,6
"751","2024",161,2024-06-09,87.675,92.025,96.4625,6.42280402694662,8,33.3333333333333,6
"752","2024",162,2024-06-10,90.525,92.45,96,4.7071075554466,10,41.6666666666667,6
"753","2024",163,2024-06-11,89.5375,93.625,95.325,6.85385150907874,9,37.5,6
"754","2024",164,2024-06-12,86.425,91.475,94.35,7.46877064859248,7,29.1666666666667,6
"755","2024",165,2024-06-13,86.7375,91.4,94.7,7.16328989823026,7,29.1666666666667,6
"756","2024",166,2024-06-14,84.7125,90.725,93.5875,3.8595216421044,5,20.8333333333333,6
"757","2024",167,2024-06-15,83.9125,88.075,91.475,2.91350631126427,2,8.33333333333333,6
"758","2024",168,2024-06-16,84.525,89.2,93.25,4.11415945659743,4,16.6666666666667,6
"759","2024",169,2024-06-17,86.6375,90.8,93.15,3.62237497835403,4,16.6666666666667,6
"760","2024",170,2024-06-18,81.3125,87,92.3,1.8392152441618,4,16.6666666666667,6
"761","2024",171,2024-06-19,84.95,92.125,95.95,3.74760677529701,9,37.5,6
"762","2024",172,2024-06-20,85.5625,91.75,95.2125,3.52304551254481,8,33.3333333333333,6
"763","2024",173,2024-06-21,88.4125,91.175,97.2375,3.97923966534789,9,37.5,6
"764","2024",174,2024-06-22,90.325,95.275,99.4125,3.32455336334402,13,54.1666666666667,6
"765","2024",175,2024-06-23,92.9,96.75,99.775,3.68893315380672,16,66.6666666666667,6
"766","2024",176,2024-06-24,84.8625,94.1,101.55,2.40445568179151,12,50,6
"767","2024",177,2024-06-25,88.425,91.45,99.2375,3.75895729510929,8,33.3333333333333,6
"768","2024",178,2024-06-26,87.8,91.4,93.2875,5.78180042350653,4,16.6666666666667,6
"769","2024",179,2024-06-27,86.9125,91.925,95.5125,4.48825533462711,8,33.3333333333333,6
"770","2024",180,2024-06-28,84.4625,89.25,94.1,1.83076175655474,5,20.8333333333333,6
"771","2024",181,2024-06-29,83.975,87.85,91.9,1.74265199090831,2,8.33333333333333,6
"772","2024",182,2024-06-30,84.1375,87.6,93.2125,2.81641494780059,6,25,6
"773","2024",183,2024-07-01,83.35,91.325,94.9625,5.66563276134285,7,29.1666666666667,7
"774","2024",184,2024-07-02,85.3375,91.55,94.975,4.59502971227243,8,33.3333333333333,7
"775","2024",185,2024-07-03,85.4625,88.825,93.0875,3.92572913048172,4,16.6666666666667,7
"776","2024",186,2024-07-04,89.2375,93.325,97.5375,2.83145191903273,10,41.6666666666667,7
"777","2024",187,2024-07-05,83.325,92.625,95.5375,2.83371006694118,9,37.5,7
"778","2024",188,2024-07-06,85.325,90.775,95.175,2.45473750660766,8,33.3333333333333,7
"779","2024",189,2024-07-07,89.175,96.3,98.1625,1.99412550728166,14,58.3333333333333,7
"780","2024",190,2024-07-08,87.65,94.475,98.1625,2.16131720510402,13,54.1666666666667,7
"781","2024",191,2024-07-09,88.8875,92.275,94.6625,3.63395711945668,7,29.1666666666667,7
"782","2024",192,2024-07-10,87.2875,88.95,92.0125,4.66447886183699,4,16.6666666666667,7
"783","2024",193,2024-07-11,84.9,91.75,94.925,4.63587450082022,8,33.3333333333333,7
"784","2024",194,2024-07-12,85.8875,89.125,93.2125,3.07043292388987,4,16.6666666666667,7
"785","2024",195,2024-07-13,81.625,84.55,91.4375,2.15517116584574,2,8.33333333333333,7
"786","2024",196,2024-07-14,81.275,84.7,91.125,3.07946599029239,1,4.16666666666667,7
"787","2024",197,2024-07-15,82.85,86.75,90.825,2.93514133810514,2,8.33333333333333,7
"788","2024",198,2024-07-16,81.6,86.675,92.6375,1.41010083377682,4,16.6666666666667,7
"789","2024",199,2024-07-17,87.4625,91.8,95.375,4.12569127909968,8,33.3333333333333,7
"790","2024",200,2024-07-18,89.4875,91.425,97.1125,3.71358904259078,8,33.3333333333333,7
"791","2024",201,2024-07-19,89.75,95.75,98.8,2.43477119555996,13,54.1666666666667,7
"792","2024",202,2024-07-20,85.2375,92.275,96.5375,5.16506295248148,10,41.6666666666667,7
"793","2024",203,2024-07-21,87.7,92.625,96.1,6.83713590682546,7,29.1666666666667,7
"794","2024",204,2024-07-22,91.875,93.775,96.2,7.87442550716211,11,45.8333333333333,7
"795","2024",205,2024-07-23,91.2,92.45,96.4,3.93592240032803,6,31.5789473684211,7
"796","2024",206,2024-07-24,89.675,92.775,95.35,3.25533037495269,10,41.6666666666667,7
"797","2024",207,2024-07-25,88.4,92.025,95.05,6.29444701607902,8,33.3333333333333,7
"798","2024",208,2024-07-26,87.8125,89.725,93.65,3.01271304580594,6,25,7
"799","2024",209,2024-07-27,81.45,89.3,90.5125,2.93709082433705,3,12.5,7
"800","2024",210,2024-07-28,86.875,88.475,92.6125,1.92837803464189,5,20.8333333333333,7
"801","2024",211,2024-07-29,82.15,87.575,90.825,4.51734990906914,5,20.8333333333333,7
"802","2024",212,2024-07-30,86,88.2,95.275,2.8062014536006,8,33.3333333333333,7
"803","2024",213,2024-07-31,89.7625,92.875,94.35,1.53367894746308,8,33.3333333333333,7
"804","2024",214,2024-08-01,88.05,91.425,94.7875,3.74924377821608,8,33.3333333333333,8
"805","2024",215,2024-08-02,92.125,94.4,97.4875,2.94955271944978,13,54.1666666666667,8
"806","2024",216,2024-08-03,89.275,93.925,96.8,1.00908623556072,10,41.6666666666667,8
"807","2024",217,2024-08-04,90.6875,93.2,96.9,2.94130125810709,10,41.6666666666667,8
"808","2024",218,2024-08-05,84.0375,88.425,92.7375,2.35859193936101,3,12.5,8
"809","2024",219,2024-08-06,87.375,91.55,94.1625,3.22450477333873,7,29.1666666666667,8
"810","2024",220,2024-08-07,85.7,89.075,93.4625,3.30444031886591,5,20.8333333333333,8
"811","2024",221,2024-08-08,80.1,88.875,93.3,2.52582498440797,6,25,8
"812","2024",222,2024-08-09,83.3125,89.35,92.9125,2.5160510807493,5,20.8333333333333,8
"813","2024",223,2024-08-10,85.5,88.7,90.95,1.80884994854543,2,8.33333333333333,8
"814","2024",224,2024-08-11,82.8,86.35,89.9875,3.55363773953884,3,12.5,8
"815","2024",225,2024-08-12,78.725,88.35,91.125,1.52656550387988,2,8.33333333333333,8
"816","2024",226,2024-08-13,82.2125,87.275,92.475,1.81498002428488,3,12.5,8
"817","2024",227,2024-08-14,84.45,89.9,93.05,1.73518460502061,4,16.6666666666667,8
"818","2024",228,2024-08-15,86.1,91.2,93.975,3.42982285706411,6,25,8
"819","2024",229,2024-08-16,91.7875,93.825,96.775,2.08150365525141,12,50,8
"820","2024",230,2024-08-17,90.3625,94,95.4375,2.44857851535238,12,50,8
"821","2024",231,2024-08-18,88.35,92.75,97.9125,4.19973444822878,11,45.8333333333333,8
"822","2024",232,2024-08-19,91.8375,93.1,94.7625,4.80222095705434,10,41.6666666666667,8
"823","2024",233,2024-08-20,89.6375,92.7,93.525,5.88709635877131,5,20.8333333333333,8
"824","2024",234,2024-08-21,87.4,91.1,95.225,2.8798401942988,7,29.1666666666667,8
"825","2024",235,2024-08-22,85.7625,91.375,93.525,2.65781490292324,5,20.8333333333333,8
"826","2024",236,2024-08-23,82.2375,90.625,93.725,2.70634983330732,4,16.6666666666667,8
"827","2024",237,2024-08-24,82.85,89,92.575,4.28108779816877,2,8.33333333333333,8
"828","2024",238,2024-08-25,81,84.7,89.7625,2.11246229290774,3,12.5,8
"829","2024",239,2024-08-26,85.0625,87.45,91.4125,1.42002030775246,4,16.6666666666667,8
"830","2024",240,2024-08-27,88.4375,91.85,94.525,7.87794300998459,7,29.1666666666667,8
"831","2024",241,2024-08-28,85.9875,90.825,94.125,4.18721708338221,6,25,8
"832","2024",242,2024-08-29,90.275,92.2,94.1125,4.22083046738839,6,25,8
"833","2024",243,2024-08-30,89.1125,92.2,94.5375,3.63602630921418,7,29.1666666666667,8
"834","2024",244,2024-08-31,87.925,92.825,94.4125,4.30639308342152,6,25,8
"835","2024",245,2024-09-01,91.575,93.25,96.5875,3.03552566246156,11,45.8333333333333,9
"836","2024",246,2024-09-02,83.1125,89.9,93.525,2.46890142911506,4,16.6666666666667,9
"837","2024",247,2024-09-03,84.3,88.275,91.9,2.33687805418285,3,12.5,9
"838","2024",248,2024-09-04,82.0625,87.6,89.9625,1.65787357210518,1,4.16666666666667,9
"839","2024",249,2024-09-05,84.7375,88.525,93.875,5.73069275312512,5,20.8333333333333,9
"840","2024",250,2024-09-06,87.6125,89.425,93.85,2.39142633318195,6,25,9
"841","2024",251,2024-09-07,80.775,86.75,91.9125,3.59264609811884,1,4.16666666666667,9
"842","2024",252,2024-09-08,86.0375,91.175,93.625,3.12814197663608,5,20.8333333333333,9
"843","2024",253,2024-09-09,83.3375,86.4,92.0875,2.60579527215614,3,12.5,9
"844","2024",254,2024-09-10,81.35,86.95,90.3125,1.67000707885026,3,12.5,9
"845","2024",255,2024-09-11,85.5,90.5,93.5,5.61925004922445,5,20.8333333333333,9
"846","2024",256,2024-09-12,89.275,93.125,94.7,2.45682378194116,8,33.3333333333333,9
"847","2024",257,2024-09-13,87.3125,89.625,95.1125,2.25389765218315,8,33.3333333333333,9
"848","2024",258,2024-09-14,86.4375,91.4,95.6,3.08368646117458,8,33.3333333333333,9
"849","2024",259,2024-09-15,87.6625,90.025,93.95,3.44959686662467,6,25,9
"850","2024",260,2024-09-16,88.875,90.375,92.55,2.2445544620452,5,20.8333333333333,9
"851","2024",261,2024-09-17,88.8625,93.6,95.3375,3.25480084936076,11,45.8333333333333,9
"852","2024",262,2024-09-18,85.35,88.3,94,1.63626747745994,5,23.8095238095238,9
