Hour,Song Presence,Non Song Presence
4/8/2019 19:00,0,0
4/8/2019 20:00,0,0
4/8/2019 21:00,0,0
4/8/2019 22:00,0,0
4/8/2019 23:00,0,0
4/9/2019 0:00,0,0
4/9/2019 1:00,0,0
4/9/2019 2:00,1,0
4/9/2019 3:00,1,0
4/9/2019 4:00,1,0
4/9/2019 5:00,0,0
4/9/2019 6:00,1,0
4/9/2019 7:00,1,0
4/9/2019 8:00,0,0
4/9/2019 9:00,0,0
4/9/2019 10:00,0,0
4/9/2019 11:00,0,1
4/9/2019 12:00,0,0
4/9/2019 13:00,0,0
4/9/2019 14:00,0,0
4/9/2019 15:00,0,0
4/9/2019 16:00,0,0
4/9/2019 17:00,0,0
4/9/2019 18:00,0,0
4/9/2019 19:00,0,0
4/9/2019 20:00,0,0
4/9/2019 21:00,0,0
4/9/2019 22:00,0,0
4/9/2019 23:00,0,0
4/10/2019 0:00,0,0
4/10/2019 1:00,0,0
4/10/2019 2:00,0,1
4/10/2019 3:00,0,0
4/10/2019 4:00,1,0
4/10/2019 5:00,1,0
4/10/2019 6:00,0,0
4/10/2019 7:00,0,0
4/10/2019 8:00,0,1
4/10/2019 9:00,0,0
4/10/2019 10:00,0,0
4/10/2019 11:00,0,0
4/10/2019 12:00,0,0
4/10/2019 13:00,0,0
4/10/2019 14:00,0,0
4/10/2019 15:00,0,0
4/10/2019 16:00,0,0
4/10/2019 17:00,0,0
4/10/2019 18:00,0,0
4/10/2019 19:00,0,0
4/10/2019 20:00,0,0
4/10/2019 21:00,0,0
4/10/2019 22:00,0,0
4/10/2019 23:00,0,1
4/11/2019 0:00,0,0
4/11/2019 1:00,0,0
4/11/2019 2:00,0,0
4/11/2019 3:00,0,1
4/11/2019 4:00,0,0
4/11/2019 5:00,0,0
4/11/2019 6:00,0,0
4/11/2019 7:00,0,1
4/11/2019 8:00,0,0
4/11/2019 9:00,0,0
4/11/2019 10:00,0,0
4/11/2019 11:00,0,0
4/11/2019 12:00,0,0
4/11/2019 13:00,0,0
4/11/2019 14:00,0,0
4/11/2019 15:00,0,0
4/11/2019 16:00,0,0
4/11/2019 17:00,0,0
4/11/2019 18:00,0,0
4/11/2019 19:00,0,0
4/11/2019 20:00,0,0
4/11/2019 21:00,0,0
4/11/2019 22:00,0,0
4/11/2019 23:00,0,0
4/12/2019 0:00,0,0
4/12/2019 1:00,1,0
4/12/2019 2:00,0,0
4/12/2019 3:00,0,0
4/12/2019 4:00,0,0
4/12/2019 5:00,0,0
4/12/2019 6:00,0,0
4/12/2019 7:00,0,1
4/12/2019 8:00,0,1
4/12/2019 9:00,0,0
4/12/2019 10:00,0,0
4/12/2019 11:00,0,0
4/12/2019 12:00,0,0
4/12/2019 13:00,0,1
4/12/2019 14:00,0,1
4/12/2019 15:00,0,0
4/12/2019 16:00,0,1
4/12/2019 17:00,0,0
4/12/2019 18:00,0,0
4/12/2019 19:00,0,1
4/12/2019 20:00,0,0
4/12/2019 21:00,0,0
4/12/2019 22:00,0,0
4/12/2019 23:00,0,0
4/13/2019 0:00,0,0
4/13/2019 1:00,0,0
4/13/2019 2:00,0,1
4/13/2019 3:00,0,0
4/13/2019 4:00,0,1
4/13/2019 5:00,0,0
4/13/2019 6:00,1,1
4/13/2019 7:00,1,0
4/13/2019 8:00,1,0
4/13/2019 9:00,0,0
4/13/2019 10:00,0,0
4/13/2019 11:00,0,0
4/13/2019 12:00,0,0
4/13/2019 13:00,0,0
4/13/2019 14:00,0,0
4/13/2019 15:00,0,0
4/13/2019 16:00,0,0
4/13/2019 17:00,0,0
4/13/2019 18:00,0,0
4/13/2019 19:00,0,1
4/13/2019 20:00,0,0
4/13/2019 21:00,0,0
4/13/2019 22:00,0,0
4/13/2019 23:00,0,1
4/14/2019 0:00,0,1
4/14/2019 1:00,0,0
4/14/2019 2:00,0,0
4/14/2019 3:00,1,0
4/14/2019 4:00,0,0
4/14/2019 5:00,0,0
4/14/2019 6:00,1,0
4/14/2019 7:00,1,1
4/14/2019 8:00,0,0
4/14/2019 9:00,0,0
4/14/2019 10:00,0,0
4/14/2019 11:00,1,0
4/14/2019 12:00,1,0
4/14/2019 13:00,1,0
4/14/2019 14:00,1,0
4/14/2019 15:00,1,1
4/14/2019 16:00,0,1
4/14/2019 17:00,0,0
4/14/2019 18:00,0,0
4/14/2019 19:00,0,0
4/14/2019 20:00,0,0
4/14/2019 21:00,0,0
4/14/2019 22:00,0,0
4/14/2019 23:00,0,1
4/15/2019 0:00,0,0
4/15/2019 1:00,0,0
4/15/2019 2:00,0,1
4/15/2019 3:00,0,1
4/15/2019 4:00,0,0
4/15/2019 5:00,0,0
4/15/2019 6:00,1,0
4/15/2019 7:00,0,0
4/15/2019 8:00,0,1
4/15/2019 9:00,1,1
4/15/2019 10:00,1,0
4/15/2019 11:00,0,1
4/15/2019 12:00,0,0
4/15/2019 13:00,0,0
4/15/2019 14:00,0,0
4/15/2019 15:00,0,0
4/15/2019 16:00,0,0
4/15/2019 17:00,0,0
4/15/2019 18:00,0,0
4/15/2019 19:00,0,0
4/15/2019 20:00,0,0
4/15/2019 21:00,0,1
4/15/2019 22:00,0,0
4/15/2019 23:00,0,0
4/16/2019 0:00,0,0
4/16/2019 1:00,0,0
4/16/2019 2:00,1,0
4/16/2019 3:00,1,0
4/16/2019 4:00,1,0
4/16/2019 5:00,1,0
4/16/2019 6:00,0,0
4/16/2019 7:00,0,0
4/16/2019 8:00,0,0
4/16/2019 9:00,0,0
4/16/2019 10:00,0,0
4/16/2019 11:00,0,0
4/16/2019 12:00,0,0
4/16/2019 13:00,0,0
4/16/2019 14:00,0,0
4/16/2019 15:00,0,0
4/16/2019 16:00,1,0
4/16/2019 17:00,0,0
4/16/2019 18:00,0,0
4/16/2019 19:00,0,0
4/16/2019 20:00,0,0
4/16/2019 21:00,0,0
4/16/2019 22:00,0,0
4/16/2019 23:00,0,0
4/17/2019 0:00,0,0
4/17/2019 1:00,0,0
4/17/2019 2:00,0,1
4/17/2019 3:00,0,1
4/17/2019 4:00,0,1
4/17/2019 5:00,0,0
4/17/2019 6:00,0,0
4/17/2019 7:00,1,0
4/17/2019 8:00,1,0
4/17/2019 9:00,1,0
4/17/2019 10:00,1,0
4/17/2019 11:00,1,0
4/17/2019 12:00,1,0
4/17/2019 13:00,0,0
4/17/2019 14:00,0,0
4/17/2019 15:00,0,0
4/17/2019 16:00,0,0
4/17/2019 17:00,0,0
4/17/2019 18:00,0,0
4/17/2019 19:00,0,0
4/17/2019 20:00,0,0
4/17/2019 21:00,0,0
4/17/2019 22:00,0,0
4/17/2019 23:00,1,0
4/18/2019 0:00,1,1
4/18/2019 1:00,0,1
4/18/2019 2:00,0,1
4/18/2019 3:00,1,1
4/18/2019 4:00,1,0
4/18/2019 5:00,0,0
4/18/2019 6:00,1,0
4/18/2019 7:00,1,0
4/18/2019 8:00,0,0
4/18/2019 9:00,0,1
4/18/2019 10:00,0,0
4/18/2019 11:00,0,1
4/18/2019 12:00,0,1
4/18/2019 13:00,0,0
4/18/2019 14:00,0,0
4/18/2019 15:00,0,1
4/18/2019 16:00,0,0
4/18/2019 17:00,1,0
4/18/2019 18:00,0,0
4/18/2019 19:00,0,0
4/18/2019 20:00,0,1
4/18/2019 21:00,0,1
4/18/2019 22:00,0,0
4/18/2019 23:00,0,0
4/19/2019 0:00,0,1
4/19/2019 1:00,0,1
4/19/2019 2:00,1,1
4/19/2019 3:00,1,0
4/19/2019 4:00,1,0
4/19/2019 5:00,1,0
4/19/2019 6:00,1,0
4/19/2019 7:00,1,0
4/19/2019 8:00,1,0
4/19/2019 9:00,1,1
4/19/2019 10:00,1,1
4/19/2019 11:00,0,1
4/19/2019 12:00,1,0
4/19/2019 13:00,0,1
4/19/2019 14:00,0,1
4/19/2019 15:00,0,1
4/19/2019 16:00,0,0
4/19/2019 17:00,0,1
4/19/2019 18:00,0,0
4/19/2019 19:00,0,1
4/19/2019 20:00,0,1
4/19/2019 21:00,0,1
4/19/2019 22:00,0,1
4/19/2019 23:00,0,1
4/20/2019 0:00,0,1
4/20/2019 1:00,0,1
4/20/2019 2:00,0,1
4/20/2019 3:00,1,1
4/20/2019 4:00,1,0
4/20/2019 5:00,1,0
4/20/2019 6:00,1,1
4/20/2019 7:00,0,0
4/20/2019 8:00,0,1
4/20/2019 9:00,0,0
4/20/2019 10:00,0,0
4/20/2019 11:00,0,0
4/20/2019 12:00,0,0
4/20/2019 13:00,0,1
4/20/2019 14:00,0,1
4/20/2019 15:00,0,0
4/20/2019 16:00,0,0
4/20/2019 17:00,0,0
4/20/2019 18:00,0,0
4/20/2019 19:00,0,0
4/20/2019 20:00,0,1
4/20/2019 21:00,0,1
4/20/2019 22:00,0,1
4/20/2019 23:00,0,1
4/21/2019 0:00,0,0
4/21/2019 1:00,0,1
4/21/2019 2:00,0,1
4/21/2019 3:00,1,1
4/21/2019 4:00,0,1
4/21/2019 5:00,0,1
4/21/2019 6:00,0,0
4/21/2019 7:00,0,1
4/21/2019 8:00,0,0
4/21/2019 9:00,1,0
4/21/2019 10:00,0,1
4/21/2019 11:00,0,1
4/21/2019 12:00,0,0
4/21/2019 13:00,0,0
4/21/2019 14:00,0,1
4/21/2019 15:00,0,1
4/21/2019 16:00,0,0
4/21/2019 17:00,0,0
4/21/2019 18:00,1,0
4/21/2019 19:00,0,0
4/21/2019 20:00,1,0
4/21/2019 21:00,0,0
4/21/2019 22:00,0,0
4/21/2019 23:00,0,0
4/22/2019 0:00,0,0
4/22/2019 1:00,0,1
4/22/2019 2:00,0,0
4/22/2019 3:00,0,1
4/22/2019 4:00,0,1
4/22/2019 5:00,0,1
4/22/2019 6:00,0,1
4/22/2019 7:00,1,0
4/22/2019 8:00,1,0
4/22/2019 9:00,1,0
4/22/2019 10:00,1,0
4/22/2019 11:00,0,0
4/22/2019 12:00,1,0
4/22/2019 13:00,0,0
4/22/2019 14:00,0,0
4/22/2019 15:00,0,0
4/22/2019 16:00,0,0
4/22/2019 17:00,0,0
4/22/2019 18:00,0,0
4/22/2019 19:00,0,0
4/22/2019 20:00,0,0
4/22/2019 21:00,0,0
4/22/2019 22:00,0,1
4/22/2019 23:00,0,1
4/23/2019 0:00,0,0
4/23/2019 1:00,0,0
4/23/2019 2:00,0,0
4/23/2019 3:00,1,0
4/23/2019 4:00,1,1
4/23/2019 5:00,1,0
4/23/2019 6:00,1,1
4/23/2019 7:00,1,1
4/23/2019 8:00,1,0
4/23/2019 9:00,1,1
4/23/2019 10:00,1,0
4/23/2019 11:00,1,0
4/23/2019 12:00,1,0
4/23/2019 13:00,0,0
4/23/2019 14:00,0,1
4/23/2019 15:00,0,0
4/23/2019 16:00,0,0
4/23/2019 17:00,0,0
4/23/2019 18:00,0,0
4/23/2019 19:00,0,0
4/23/2019 20:00,0,0
4/23/2019 21:00,0,0
4/23/2019 22:00,0,0
4/23/2019 23:00,0,0
4/24/2019 0:00,0,1
4/24/2019 1:00,0,0
4/24/2019 2:00,0,0
4/24/2019 3:00,1,0
4/24/2019 4:00,1,1
4/24/2019 5:00,1,0
4/24/2019 6:00,1,1
4/24/2019 7:00,1,0
4/24/2019 8:00,1,0
4/24/2019 9:00,1,0
4/24/2019 10:00,0,0
4/24/2019 11:00,0,1
4/24/2019 12:00,0,0
4/24/2019 13:00,0,0
4/24/2019 14:00,0,0
4/24/2019 15:00,0,0
4/24/2019 16:00,0,0
4/24/2019 17:00,0,0
4/24/2019 18:00,0,0
4/24/2019 19:00,0,0
4/24/2019 20:00,0,0
4/24/2019 21:00,0,0
4/24/2019 22:00,0,0
4/24/2019 23:00,0,0
4/25/2019 0:00,0,0
4/25/2019 1:00,1,0
4/25/2019 2:00,1,0
4/25/2019 3:00,1,0
4/25/2019 4:00,1,1
4/25/2019 5:00,1,0
4/25/2019 6:00,1,1
4/25/2019 7:00,1,0
4/25/2019 8:00,0,1
4/25/2019 9:00,1,0
4/25/2019 10:00,0,0
4/25/2019 11:00,0,0
4/25/2019 12:00,0,0
4/25/2019 13:00,0,0
4/25/2019 14:00,0,0
4/25/2019 15:00,0,0
4/25/2019 16:00,0,0
4/25/2019 17:00,0,0
4/25/2019 18:00,0,0
4/25/2019 19:00,0,0
4/25/2019 20:00,0,0
4/25/2019 21:00,0,0
4/25/2019 22:00,0,0
4/25/2019 23:00,0,0
4/26/2019 0:00,1,0
4/26/2019 1:00,1,0
4/26/2019 2:00,1,0
4/26/2019 3:00,1,0
4/26/2019 4:00,0,1
4/26/2019 5:00,1,0
4/26/2019 6:00,1,0
4/26/2019 7:00,0,0
4/26/2019 8:00,0,0
4/26/2019 9:00,0,0
4/26/2019 10:00,0,0
4/26/2019 11:00,0,0
4/26/2019 12:00,0,0
4/26/2019 13:00,0,0
4/26/2019 14:00,0,0
4/26/2019 15:00,0,0
4/26/2019 16:00,0,0
4/26/2019 17:00,0,0
4/26/2019 18:00,0,0
4/26/2019 19:00,0,0
4/26/2019 20:00,0,0
4/26/2019 21:00,0,0
4/26/2019 22:00,0,0
4/26/2019 23:00,1,0
4/27/2019 0:00,1,0
4/27/2019 1:00,0,1
4/27/2019 2:00,1,0
4/27/2019 3:00,1,1
4/27/2019 4:00,1,1
4/27/2019 5:00,1,1
4/27/2019 6:00,1,0
4/27/2019 7:00,1,0
4/27/2019 8:00,0,0
4/27/2019 9:00,1,0
4/27/2019 10:00,1,0
4/27/2019 11:00,1,0
4/27/2019 12:00,1,0
4/27/2019 13:00,1,0
4/27/2019 14:00,0,0
4/27/2019 15:00,0,0
4/27/2019 16:00,1,0
4/27/2019 17:00,1,0
4/27/2019 18:00,0,0
4/27/2019 19:00,0,0
4/27/2019 20:00,1,0
4/27/2019 21:00,1,0
4/27/2019 22:00,1,0
4/27/2019 23:00,1,0
4/28/2019 0:00,1,0
4/28/2019 1:00,0,0
4/28/2019 2:00,0,0
4/28/2019 3:00,1,0
4/28/2019 4:00,1,1
4/28/2019 5:00,1,1
4/28/2019 6:00,1,1
4/28/2019 7:00,1,1
4/28/2019 8:00,0,1
4/28/2019 9:00,1,0
4/28/2019 10:00,0,1
4/28/2019 11:00,1,1
4/28/2019 12:00,0,0
4/28/2019 13:00,0,0
4/28/2019 14:00,0,0
4/28/2019 15:00,1,0
4/28/2019 16:00,0,0
4/28/2019 17:00,1,0
4/28/2019 18:00,1,0
4/28/2019 19:00,1,0
4/28/2019 20:00,1,0
4/28/2019 21:00,1,0
4/28/2019 22:00,1,0
4/28/2019 23:00,0,0
4/29/2019 0:00,1,0
4/29/2019 1:00,0,1
4/29/2019 2:00,1,0
4/29/2019 3:00,1,0
4/29/2019 4:00,1,1
4/29/2019 5:00,1,1
4/29/2019 6:00,1,1
4/29/2019 7:00,1,0
4/29/2019 8:00,1,0
4/29/2019 9:00,0,0
4/29/2019 10:00,0,0
4/29/2019 11:00,1,0
4/29/2019 12:00,0,0
4/29/2019 13:00,0,0
4/29/2019 14:00,0,0
4/29/2019 15:00,0,0
4/29/2019 16:00,0,0
4/29/2019 17:00,0,0
4/29/2019 18:00,0,0
4/29/2019 19:00,0,0
4/29/2019 20:00,0,0
4/29/2019 21:00,0,0
4/29/2019 22:00,0,1
4/29/2019 23:00,0,0
4/30/2019 0:00,0,1
4/30/2019 1:00,0,1
4/30/2019 2:00,0,1
4/30/2019 3:00,1,0
4/30/2019 4:00,1,0
4/30/2019 5:00,1,1
4/30/2019 6:00,1,1
4/30/2019 7:00,1,1
4/30/2019 8:00,1,1
4/30/2019 9:00,1,0
4/30/2019 10:00,1,0
4/30/2019 11:00,1,0
4/30/2019 12:00,1,0
4/30/2019 13:00,0,0
4/30/2019 14:00,0,0
4/30/2019 15:00,0,1
4/30/2019 16:00,1,1
4/30/2019 17:00,1,1
4/30/2019 18:00,0,1
4/30/2019 19:00,0,0
4/30/2019 20:00,0,1
4/30/2019 21:00,1,0
4/30/2019 22:00,1,0
4/30/2019 23:00,0,0
5/1/2019 0:00,0,0
5/1/2019 1:00,0,0
5/1/2019 2:00,0,1
5/1/2019 3:00,1,1
5/1/2019 4:00,1,0
5/1/2019 5:00,1,1
5/1/2019 6:00,1,1
5/1/2019 7:00,1,0
5/1/2019 8:00,0,0
5/1/2019 9:00,0,0
5/1/2019 10:00,1,0
5/1/2019 11:00,0,0
5/1/2019 12:00,0,0
5/1/2019 13:00,0,0
5/1/2019 14:00,0,0
5/1/2019 15:00,0,0
5/1/2019 16:00,0,0
5/1/2019 17:00,0,0
5/1/2019 18:00,0,0
5/1/2019 19:00,0,0
5/1/2019 20:00,0,1
5/1/2019 21:00,0,0
5/1/2019 22:00,0,0
5/1/2019 23:00,0,0
5/2/2019 0:00,0,0
5/2/2019 1:00,0,0
5/2/2019 2:00,0,0
5/2/2019 3:00,1,0
5/2/2019 4:00,1,0
5/2/2019 5:00,1,0
5/2/2019 6:00,1,0
5/2/2019 7:00,1,0
5/2/2019 8:00,1,0
5/2/2019 9:00,0,0
5/2/2019 10:00,0,0
5/2/2019 11:00,0,1
5/2/2019 12:00,1,0
5/2/2019 13:00,0,0
5/2/2019 14:00,0,0
5/2/2019 15:00,0,0
5/2/2019 16:00,0,0
5/2/2019 17:00,0,0
5/2/2019 18:00,0,0
5/2/2019 19:00,0,0
5/2/2019 20:00,0,0
5/2/2019 21:00,0,0
5/2/2019 22:00,0,0
5/2/2019 23:00,0,0
5/3/2019 0:00,0,1
5/3/2019 1:00,1,0
5/3/2019 2:00,1,1
5/3/2019 3:00,1,0
5/3/2019 4:00,1,0
5/3/2019 5:00,1,0
5/3/2019 6:00,1,1
5/3/2019 7:00,1,0
5/3/2019 8:00,1,0
5/3/2019 9:00,0,0
5/3/2019 10:00,1,0
5/3/2019 11:00,0,0
5/3/2019 12:00,0,0
5/3/2019 13:00,0,0
5/3/2019 14:00,0,0
5/3/2019 15:00,0,0
5/3/2019 16:00,0,0
5/3/2019 17:00,0,0
5/3/2019 18:00,0,0
5/3/2019 19:00,0,0
5/3/2019 20:00,0,0
5/3/2019 21:00,1,1
5/3/2019 22:00,0,0
5/3/2019 23:00,0,0
5/4/2019 0:00,0,0
5/4/2019 1:00,0,0
5/4/2019 2:00,1,1
5/4/2019 3:00,1,0
5/4/2019 4:00,1,1
5/4/2019 5:00,0,0
5/4/2019 6:00,1,0
5/4/2019 7:00,1,0
5/4/2019 8:00,1,0
5/4/2019 9:00,0,1
5/4/2019 10:00,0,0
5/4/2019 11:00,0,0
5/4/2019 12:00,0,1
5/4/2019 13:00,0,0
5/4/2019 14:00,0,0
5/4/2019 15:00,0,0
5/4/2019 16:00,0,0
5/4/2019 17:00,0,0
5/4/2019 18:00,0,0
5/4/2019 19:00,0,0
5/4/2019 20:00,0,0
5/4/2019 21:00,0,0
5/4/2019 22:00,1,0
5/4/2019 23:00,1,0
5/5/2019 0:00,0,0
5/5/2019 1:00,0,0
5/5/2019 2:00,0,0
5/5/2019 3:00,0,1
5/5/2019 4:00,1,0
5/5/2019 5:00,1,0
5/5/2019 6:00,0,0
5/5/2019 7:00,0,0
5/5/2019 8:00,0,0
5/5/2019 9:00,0,1
5/5/2019 10:00,0,0
5/5/2019 11:00,1,1
5/5/2019 12:00,1,1
5/5/2019 13:00,0,0
5/5/2019 14:00,0,0
5/5/2019 15:00,0,0
5/5/2019 16:00,0,0
5/5/2019 17:00,0,0
5/5/2019 18:00,0,0
5/5/2019 19:00,0,0
5/5/2019 20:00,0,0
5/5/2019 21:00,0,0
5/5/2019 22:00,0,0
5/5/2019 23:00,0,0
5/6/2019 0:00,0,0
5/6/2019 1:00,0,0
5/6/2019 2:00,0,0
5/6/2019 3:00,1,0
5/6/2019 4:00,1,0
5/6/2019 5:00,1,0
5/6/2019 6:00,1,0
5/6/2019 7:00,1,0
5/6/2019 8:00,0,0
5/6/2019 9:00,0,0
5/6/2019 10:00,0,0
5/6/2019 11:00,0,0
5/6/2019 12:00,0,0
5/6/2019 13:00,0,0
5/6/2019 14:00,0,0
5/6/2019 15:00,0,0
5/6/2019 16:00,0,0
5/6/2019 17:00,0,0
5/6/2019 18:00,0,0
5/6/2019 19:00,0,0
5/6/2019 20:00,0,0
5/6/2019 21:00,0,0
5/6/2019 22:00,0,1
5/6/2019 23:00,0,0
5/7/2019 0:00,0,0
5/7/2019 1:00,0,1
5/7/2019 2:00,0,0
5/7/2019 3:00,0,1
5/7/2019 4:00,0,0
5/7/2019 5:00,0,1
5/7/2019 6:00,0,0
5/7/2019 7:00,0,0
5/7/2019 8:00,1,0
5/7/2019 9:00,1,0
5/7/2019 10:00,1,0
5/7/2019 11:00,1,0
5/7/2019 12:00,1,0
5/7/2019 13:00,1,0
5/7/2019 14:00,1,0
5/7/2019 15:00,0,0
5/7/2019 16:00,0,0
5/7/2019 17:00,0,0
5/7/2019 18:00,0,0
5/7/2019 19:00,0,0
5/7/2019 20:00,0,0
5/7/2019 21:00,0,0
5/7/2019 22:00,0,0
5/7/2019 23:00,0,0
5/8/2019 0:00,0,0
5/8/2019 1:00,0,0
5/8/2019 2:00,0,0
5/8/2019 3:00,0,0
5/8/2019 4:00,0,1
5/8/2019 5:00,0,0
5/8/2019 6:00,0,0
5/8/2019 7:00,0,0
5/8/2019 8:00,0,0
5/8/2019 9:00,0,0
5/8/2019 10:00,0,0
5/8/2019 11:00,0,0
5/8/2019 12:00,0,0
5/8/2019 13:00,0,0
5/8/2019 14:00,0,0
5/8/2019 15:00,0,0
5/8/2019 16:00,0,0
5/8/2019 17:00,0,0
5/8/2019 18:00,0,0
5/8/2019 19:00,0,0
5/8/2019 20:00,0,0
5/8/2019 21:00,0,0
5/8/2019 22:00,0,0
5/8/2019 23:00,0,0
5/9/2019 0:00,0,0
5/9/2019 1:00,0,0
5/9/2019 2:00,0,0
5/9/2019 3:00,0,0
5/9/2019 4:00,0,0
5/9/2019 5:00,0,0
5/9/2019 6:00,0,0
5/9/2019 7:00,0,0
5/9/2019 8:00,0,0
5/9/2019 9:00,0,0
5/9/2019 10:00,0,0
5/9/2019 11:00,0,0
5/9/2019 12:00,0,0
5/9/2019 13:00,0,0
5/9/2019 14:00,0,0
5/9/2019 15:00,0,0
5/9/2019 16:00,0,0
5/9/2019 17:00,0,0
5/9/2019 18:00,0,0
5/9/2019 19:00,0,0
5/9/2019 20:00,0,0
5/9/2019 21:00,0,0
5/9/2019 22:00,0,0
5/9/2019 23:00,0,0
5/10/2019 0:00,0,0
5/10/2019 1:00,0,0
5/10/2019 2:00,0,0
5/10/2019 3:00,0,0
5/10/2019 4:00,0,1
5/10/2019 5:00,0,0
5/10/2019 6:00,0,1
5/10/2019 7:00,0,0
5/10/2019 8:00,0,0
5/10/2019 9:00,0,0
5/10/2019 10:00,0,0
5/10/2019 11:00,0,1
5/10/2019 12:00,0,0
5/10/2019 13:00,0,0
5/10/2019 14:00,0,0
5/10/2019 15:00,0,0
5/10/2019 16:00,0,0
5/10/2019 17:00,0,0
5/10/2019 18:00,0,0
5/10/2019 19:00,0,0
5/10/2019 20:00,0,0
5/10/2019 21:00,0,0
5/10/2019 22:00,0,0
5/10/2019 23:00,0,0
5/11/2019 0:00,0,0
5/11/2019 1:00,0,0
5/11/2019 2:00,0,0
5/11/2019 3:00,0,0
5/11/2019 4:00,0,0
5/11/2019 5:00,0,0
5/11/2019 6:00,0,0
5/11/2019 7:00,0,0
5/11/2019 8:00,0,0
5/11/2019 9:00,0,0
5/11/2019 10:00,0,0
5/11/2019 11:00,0,0
5/11/2019 12:00,0,0
5/11/2019 13:00,0,0
5/11/2019 14:00,0,0
5/11/2019 15:00,0,0
5/11/2019 16:00,0,0
5/11/2019 17:00,0,0
5/11/2019 18:00,0,0
5/11/2019 19:00,0,0
5/11/2019 20:00,0,0
5/11/2019 21:00,0,0
5/11/2019 22:00,0,0
5/11/2019 23:00,0,0
5/12/2019 0:00,0,0
5/12/2019 1:00,0,0
5/12/2019 2:00,0,0
5/12/2019 3:00,0,0
5/12/2019 4:00,0,0
5/12/2019 5:00,0,0
5/12/2019 6:00,0,0
5/12/2019 7:00,0,0
5/12/2019 8:00,0,0
5/12/2019 9:00,0,0
5/12/2019 10:00,0,0
5/12/2019 11:00,0,0
5/12/2019 12:00,0,0
5/12/2019 13:00,0,0
5/12/2019 14:00,0,0
5/12/2019 15:00,0,0
5/12/2019 16:00,0,0
5/12/2019 17:00,0,0
5/12/2019 18:00,0,0
5/12/2019 19:00,0,0
5/12/2019 20:00,0,0
5/12/2019 21:00,0,0
5/12/2019 22:00,0,0
5/12/2019 23:00,0,0
5/13/2019 0:00,0,0
5/13/2019 1:00,0,0
5/13/2019 2:00,0,0
5/13/2019 3:00,0,0
5/13/2019 4:00,1,0
5/13/2019 5:00,1,1
5/13/2019 6:00,0,0
5/13/2019 7:00,0,0
5/13/2019 8:00,0,0
5/13/2019 9:00,0,0
5/13/2019 10:00,0,0
5/13/2019 11:00,0,0
5/13/2019 12:00,0,0
5/13/2019 13:00,0,0
5/13/2019 14:00,0,0
5/13/2019 15:00,0,0
5/13/2019 16:00,0,0
5/13/2019 17:00,0,0
5/13/2019 18:00,0,0
5/13/2019 19:00,0,0
5/13/2019 20:00,0,0
5/13/2019 21:00,0,0
5/13/2019 22:00,0,0
5/13/2019 23:00,0,0
5/14/2019 0:00,0,0
5/14/2019 1:00,0,0
5/14/2019 2:00,0,0
5/14/2019 3:00,0,0
5/14/2019 4:00,0,0
5/14/2019 5:00,0,0
5/14/2019 6:00,0,0
5/14/2019 7:00,0,0
5/14/2019 8:00,0,0
5/14/2019 9:00,0,0
5/14/2019 10:00,0,0
5/14/2019 11:00,0,0
5/14/2019 12:00,0,0
5/14/2019 13:00,0,0
5/14/2019 14:00,0,0
5/14/2019 15:00,0,0
5/14/2019 16:00,0,0
5/14/2019 17:00,0,0
5/14/2019 18:00,0,0
5/14/2019 19:00,0,0
5/14/2019 20:00,0,0
5/14/2019 21:00,0,0
5/14/2019 22:00,0,0
5/14/2019 23:00,0,0
5/15/2019 0:00,0,0
5/15/2019 1:00,0,0
5/15/2019 2:00,0,0
5/15/2019 3:00,0,0
5/15/2019 4:00,0,0
5/15/2019 5:00,0,0
5/15/2019 6:00,0,0
5/15/2019 7:00,0,0
5/15/2019 8:00,0,0
5/15/2019 9:00,0,0
5/15/2019 10:00,0,0
5/15/2019 11:00,0,0
5/15/2019 12:00,0,0
5/15/2019 13:00,0,0
5/15/2019 14:00,0,0
5/15/2019 15:00,0,0
5/15/2019 16:00,0,0
5/15/2019 17:00,0,0
5/15/2019 18:00,0,0
5/15/2019 19:00,0,0
5/15/2019 20:00,0,0
5/15/2019 21:00,0,0
5/15/2019 22:00,0,0
5/15/2019 23:00,0,0
5/16/2019 0:00,0,0
5/16/2019 1:00,0,0
5/16/2019 2:00,0,0
5/16/2019 3:00,0,1
5/16/2019 4:00,1,0
5/16/2019 5:00,0,0
5/16/2019 6:00,0,0
5/16/2019 7:00,0,0
5/16/2019 8:00,0,0
5/16/2019 9:00,0,0
5/16/2019 10:00,0,0
5/16/2019 11:00,0,0
5/16/2019 12:00,0,0
5/16/2019 13:00,0,0
5/16/2019 14:00,0,0
5/16/2019 15:00,0,0
5/16/2019 16:00,0,0
5/16/2019 17:00,0,0
5/16/2019 18:00,0,0
5/16/2019 19:00,0,1
5/16/2019 20:00,0,1
5/16/2019 21:00,0,1
5/16/2019 22:00,0,0
5/16/2019 23:00,0,1
5/17/2019 0:00,0,0
5/17/2019 1:00,0,0
5/17/2019 2:00,0,1
5/17/2019 3:00,0,1
5/17/2019 4:00,0,1
5/17/2019 5:00,0,0
5/17/2019 6:00,0,0
5/17/2019 7:00,0,0
5/17/2019 8:00,0,0
5/17/2019 9:00,0,0
5/17/2019 10:00,0,1
5/17/2019 11:00,0,0
5/17/2019 12:00,0,0
5/17/2019 13:00,0,0
5/17/2019 14:00,0,0
5/17/2019 15:00,0,0
5/17/2019 16:00,0,0
5/17/2019 17:00,0,0
5/17/2019 18:00,0,0
5/17/2019 19:00,0,0
5/17/2019 20:00,0,0
5/17/2019 21:00,0,0
5/17/2019 22:00,0,0
5/17/2019 23:00,0,1
5/18/2019 0:00,0,1
5/18/2019 1:00,0,0
5/18/2019 2:00,0,0
5/18/2019 3:00,0,0
5/18/2019 4:00,0,1
5/18/2019 5:00,0,0
5/18/2019 6:00,0,0
5/18/2019 7:00,0,0
5/18/2019 8:00,0,0
5/18/2019 9:00,0,1
5/18/2019 10:00,0,0
5/18/2019 11:00,0,0
5/18/2019 12:00,0,0
5/18/2019 13:00,0,0
5/18/2019 14:00,0,0
5/18/2019 15:00,0,0
5/18/2019 16:00,0,0
5/18/2019 17:00,0,0
5/18/2019 18:00,0,0
5/18/2019 19:00,0,0
5/18/2019 20:00,0,0
5/18/2019 21:00,0,0
5/18/2019 22:00,0,0
5/18/2019 23:00,0,0
5/19/2019 0:00,0,0
5/19/2019 1:00,0,0
5/19/2019 2:00,0,0
5/19/2019 3:00,0,0
5/19/2019 4:00,0,0
5/19/2019 5:00,0,0
5/19/2019 6:00,0,0
5/19/2019 7:00,0,0
5/19/2019 8:00,0,0
5/19/2019 9:00,0,0
5/19/2019 10:00,0,0
5/19/2019 11:00,0,0
5/19/2019 12:00,0,0
5/19/2019 13:00,0,0
5/19/2019 14:00,0,0
5/19/2019 15:00,0,0
5/19/2019 16:00,0,0
5/19/2019 17:00,0,0
5/19/2019 18:00,0,0
5/19/2019 19:00,0,0
5/19/2019 20:00,0,0
5/19/2019 21:00,0,1
5/19/2019 22:00,0,0
5/19/2019 23:00,0,0
5/20/2019 0:00,0,0
5/20/2019 1:00,0,0
5/20/2019 2:00,0,0
5/20/2019 3:00,0,0
5/20/2019 4:00,0,1
5/20/2019 5:00,0,0
5/20/2019 6:00,0,0
5/20/2019 7:00,0,1
5/20/2019 8:00,0,0
5/20/2019 9:00,0,0
5/20/2019 10:00,0,0
5/20/2019 11:00,0,0
5/20/2019 12:00,0,0
5/20/2019 13:00,0,0
5/20/2019 14:00,0,0
5/20/2019 15:00,0,0
5/20/2019 16:00,0,0
5/20/2019 17:00,0,0
5/20/2019 18:00,0,0
5/20/2019 19:00,0,0
5/20/2019 20:00,0,0
5/20/2019 21:00,0,0
5/20/2019 22:00,0,0
5/20/2019 23:00,0,0
5/21/2019 0:00,0,0
5/21/2019 1:00,0,0
5/21/2019 2:00,0,0
5/21/2019 3:00,0,0
5/21/2019 4:00,1,0
5/21/2019 5:00,0,0
5/21/2019 6:00,0,0
5/21/2019 7:00,0,0
5/21/2019 8:00,0,0
5/21/2019 9:00,0,0
5/21/2019 10:00,0,0
5/21/2019 11:00,0,0
5/21/2019 12:00,0,0
5/21/2019 13:00,0,0
5/21/2019 14:00,0,0
5/21/2019 15:00,0,0
5/21/2019 16:00,0,0
5/21/2019 17:00,0,0
5/21/2019 18:00,0,0
5/21/2019 19:00,0,0
5/21/2019 20:00,0,0
5/21/2019 21:00,0,0
5/21/2019 22:00,0,0
5/21/2019 23:00,0,0
5/22/2019 0:00,0,0
5/22/2019 1:00,0,0
5/22/2019 2:00,0,1
5/22/2019 3:00,0,0
5/22/2019 4:00,0,0
5/22/2019 5:00,0,0
5/22/2019 6:00,0,0
5/22/2019 7:00,0,0
5/22/2019 8:00,0,0
5/22/2019 9:00,0,1
5/22/2019 10:00,0,0
5/22/2019 11:00,0,0
5/22/2019 12:00,0,0
5/22/2019 13:00,0,0
5/22/2019 14:00,0,0
5/22/2019 15:00,0,1
5/22/2019 16:00,0,0
5/22/2019 17:00,0,0
5/22/2019 18:00,0,0
5/22/2019 19:00,0,0
5/22/2019 20:00,0,0
5/22/2019 21:00,0,0
5/22/2019 22:00,0,0
5/22/2019 23:00,0,0
5/23/2019 0:00,0,0
5/23/2019 1:00,0,0
5/23/2019 2:00,0,0
5/23/2019 3:00,0,0
5/23/2019 4:00,0,0
5/23/2019 5:00,0,0
5/23/2019 6:00,0,0
5/23/2019 7:00,0,0
5/23/2019 8:00,0,0
5/23/2019 9:00,0,0
5/23/2019 10:00,0,0
5/23/2019 11:00,0,0
5/23/2019 12:00,0,0
5/23/2019 13:00,0,0
5/23/2019 14:00,0,0
5/23/2019 15:00,0,0
5/23/2019 16:00,0,0
5/23/2019 17:00,0,0
5/23/2019 18:00,0,0
5/23/2019 19:00,0,0
5/23/2019 20:00,0,0
5/23/2019 21:00,0,0
5/23/2019 22:00,0,0
5/23/2019 23:00,0,0
5/24/2019 0:00,0,0
5/24/2019 1:00,0,0
5/24/2019 2:00,0,0
5/24/2019 3:00,0,0
5/24/2019 4:00,0,0
5/24/2019 5:00,0,0
5/24/2019 6:00,0,0
5/24/2019 7:00,0,0
5/24/2019 8:00,0,1
5/24/2019 9:00,0,1
5/24/2019 10:00,0,0
5/24/2019 11:00,0,0
5/24/2019 12:00,0,0
5/24/2019 13:00,0,0
5/24/2019 14:00,0,0
5/24/2019 15:00,0,0
5/24/2019 16:00,0,0
5/24/2019 17:00,0,0
5/24/2019 18:00,0,0
5/24/2019 19:00,0,0
5/24/2019 20:00,0,0
5/24/2019 21:00,0,0
5/24/2019 22:00,0,0
5/24/2019 23:00,0,0
5/25/2019 0:00,0,0
5/25/2019 1:00,0,1
5/25/2019 2:00,0,0
5/25/2019 3:00,0,0
5/25/2019 4:00,0,0
5/25/2019 5:00,0,0
5/25/2019 6:00,0,0
5/25/2019 7:00,0,0
5/25/2019 8:00,0,0
5/25/2019 9:00,0,0
5/25/2019 10:00,0,0
5/25/2019 11:00,0,0
5/25/2019 12:00,0,0
5/25/2019 13:00,0,0
5/25/2019 14:00,0,0
5/25/2019 15:00,0,0
5/25/2019 16:00,0,0
5/25/2019 17:00,0,0
5/25/2019 18:00,0,0
5/25/2019 19:00,0,0
5/25/2019 20:00,0,0
5/25/2019 21:00,0,0
5/25/2019 22:00,0,0
5/25/2019 23:00,0,0
5/26/2019 0:00,0,0
5/26/2019 1:00,0,0
5/26/2019 2:00,0,0
5/26/2019 3:00,0,0
5/26/2019 4:00,0,0
5/26/2019 5:00,0,0
5/26/2019 6:00,0,0
5/26/2019 7:00,0,1
5/26/2019 8:00,0,0
5/26/2019 9:00,0,0
5/26/2019 10:00,0,0
5/26/2019 11:00,0,0
5/26/2019 12:00,0,0
5/26/2019 13:00,0,0
5/26/2019 14:00,0,0
5/26/2019 15:00,0,0
5/26/2019 16:00,0,0
5/26/2019 17:00,0,0
5/26/2019 18:00,0,0
5/26/2019 19:00,0,0
5/26/2019 20:00,0,0
5/26/2019 21:00,0,0
5/26/2019 22:00,0,0
5/26/2019 23:00,0,0
5/27/2019 0:00,0,1
5/27/2019 1:00,0,0
5/27/2019 2:00,0,0
5/27/2019 3:00,0,1
5/27/2019 4:00,0,0
5/27/2019 5:00,0,0
5/27/2019 6:00,0,0
5/27/2019 7:00,0,0
5/27/2019 8:00,0,0
5/27/2019 9:00,0,0
5/27/2019 10:00,0,1
5/27/2019 11:00,0,0
5/27/2019 12:00,0,0
5/27/2019 13:00,0,0
5/27/2019 14:00,0,0
5/27/2019 15:00,0,0
5/27/2019 16:00,0,0
5/27/2019 17:00,0,0
5/27/2019 18:00,0,0
5/27/2019 19:00,0,0
5/27/2019 20:00,0,0
5/27/2019 21:00,0,0
5/27/2019 22:00,0,0
5/27/2019 23:00,0,0
5/28/2019 0:00,0,0
5/28/2019 1:00,0,0
5/28/2019 2:00,0,0
5/28/2019 3:00,0,0
5/28/2019 4:00,0,0
5/28/2019 5:00,0,0
5/28/2019 6:00,0,0
5/28/2019 7:00,0,0
5/28/2019 8:00,0,0
5/28/2019 9:00,0,0
5/28/2019 10:00,0,0
5/28/2019 11:00,0,0
5/28/2019 12:00,0,0
5/28/2019 13:00,0,0
5/28/2019 14:00,0,0
5/28/2019 15:00,0,0
5/28/2019 16:00,0,0
5/28/2019 17:00,0,0
5/28/2019 18:00,0,1
5/28/2019 19:00,0,1
5/28/2019 20:00,0,0
5/28/2019 21:00,0,0
5/28/2019 22:00,0,0
5/28/2019 23:00,0,0
5/29/2019 0:00,0,0
5/29/2019 1:00,0,0
5/29/2019 2:00,0,0
5/29/2019 3:00,0,0
5/29/2019 4:00,0,0
5/29/2019 5:00,0,1
5/29/2019 6:00,0,0
5/29/2019 7:00,0,0
5/29/2019 8:00,0,1
5/29/2019 9:00,0,0
5/29/2019 10:00,0,0
5/29/2019 11:00,0,0
5/29/2019 12:00,0,0
5/29/2019 13:00,0,0
5/29/2019 14:00,0,0
5/29/2019 15:00,0,1
5/29/2019 16:00,0,0
5/29/2019 17:00,0,0
5/29/2019 18:00,0,0
5/29/2019 19:00,0,0
5/29/2019 20:00,0,0
5/29/2019 21:00,0,0
5/29/2019 22:00,0,0
5/29/2019 23:00,0,1
5/30/2019 0:00,0,0
5/30/2019 1:00,0,0
5/30/2019 2:00,0,0
5/30/2019 3:00,0,1
5/30/2019 4:00,0,0
5/30/2019 5:00,0,0
5/30/2019 6:00,0,0
5/30/2019 7:00,0,1
5/30/2019 8:00,0,0
5/30/2019 9:00,0,0
5/30/2019 10:00,0,1
5/30/2019 11:00,0,0
5/30/2019 12:00,0,0
5/30/2019 13:00,0,0
5/30/2019 14:00,0,0
5/30/2019 15:00,0,0
5/30/2019 16:00,0,0
5/30/2019 17:00,0,0
5/30/2019 18:00,0,0
5/30/2019 19:00,0,1
5/30/2019 20:00,0,1
5/30/2019 21:00,0,0
5/30/2019 22:00,0,0
5/30/2019 23:00,0,0
5/31/2019 0:00,0,0
5/31/2019 1:00,0,0
5/31/2019 2:00,0,1
5/31/2019 3:00,0,0
5/31/2019 4:00,0,0
5/31/2019 5:00,0,0
5/31/2019 6:00,0,0
5/31/2019 7:00,0,0
5/31/2019 8:00,0,0
5/31/2019 9:00,0,0
5/31/2019 10:00,0,0
5/31/2019 11:00,0,0
5/31/2019 12:00,0,0
5/31/2019 13:00,0,0
5/31/2019 14:00,0,0
5/31/2019 15:00,0,0
5/31/2019 16:00,0,0
5/31/2019 17:00,0,0
5/31/2019 18:00,0,0
5/31/2019 19:00,0,0
5/31/2019 20:00,0,0
5/31/2019 21:00,0,0
5/31/2019 22:00,0,0
5/31/2019 23:00,0,0
6/1/2019 0:00,0,0
6/1/2019 1:00,0,0
6/1/2019 2:00,0,0
6/1/2019 3:00,0,0
6/1/2019 4:00,0,0
6/1/2019 5:00,0,1
6/1/2019 6:00,0,1
6/1/2019 7:00,0,0
6/1/2019 8:00,0,0
6/1/2019 9:00,0,0
6/1/2019 10:00,0,1
6/1/2019 11:00,0,0
6/1/2019 12:00,0,0
6/1/2019 13:00,0,0
6/1/2019 14:00,0,0
6/1/2019 15:00,0,1
6/1/2019 16:00,0,0
6/1/2019 17:00,0,0
6/1/2019 18:00,0,0
6/1/2019 19:00,0,0
6/1/2019 20:00,0,0
6/1/2019 21:00,0,0
6/1/2019 22:00,0,0
6/1/2019 23:00,0,0
6/2/2019 0:00,0,0
6/2/2019 1:00,0,0
6/2/2019 2:00,0,0
6/2/2019 3:00,0,1
6/2/2019 4:00,0,0
6/2/2019 5:00,0,0
6/2/2019 6:00,0,0
6/2/2019 7:00,0,0
6/2/2019 8:00,0,0
6/2/2019 9:00,0,0
6/2/2019 10:00,0,0
6/2/2019 11:00,0,0
6/2/2019 12:00,0,0
6/2/2019 13:00,0,0
6/2/2019 14:00,0,0
6/2/2019 15:00,0,0
6/2/2019 16:00,0,0
6/2/2019 17:00,0,0
6/2/2019 18:00,0,0
6/2/2019 19:00,0,0
6/2/2019 20:00,0,0
6/2/2019 21:00,0,0
6/2/2019 22:00,0,0
6/2/2019 23:00,0,0
6/3/2019 0:00,0,0
6/3/2019 1:00,0,0
6/3/2019 2:00,0,0
6/3/2019 3:00,0,0
6/3/2019 4:00,0,0
6/3/2019 5:00,0,0
6/3/2019 6:00,0,0
6/3/2019 7:00,0,0
6/3/2019 8:00,0,0
6/3/2019 9:00,0,0
6/3/2019 10:00,0,0
6/3/2019 11:00,0,0
6/3/2019 12:00,0,0
6/3/2019 13:00,0,1
6/3/2019 14:00,0,0
6/3/2019 15:00,0,0
6/3/2019 16:00,0,0
6/3/2019 17:00,0,0
6/3/2019 18:00,0,0
6/3/2019 19:00,0,0
6/3/2019 20:00,0,0
6/3/2019 21:00,0,0
6/3/2019 22:00,0,0
6/3/2019 23:00,0,0
6/4/2019 0:00,0,0
6/4/2019 1:00,0,0
6/4/2019 2:00,0,0
6/4/2019 3:00,0,1
6/4/2019 4:00,0,1
6/4/2019 5:00,0,0
6/4/2019 6:00,0,0
6/4/2019 7:00,0,1
6/4/2019 8:00,0,0
6/4/2019 9:00,0,0
6/4/2019 10:00,0,0
6/4/2019 11:00,0,0
6/4/2019 12:00,0,1
6/4/2019 13:00,0,0
6/4/2019 14:00,0,0
6/4/2019 15:00,0,0
6/4/2019 16:00,0,0
6/4/2019 17:00,0,0
6/4/2019 18:00,0,0
6/4/2019 19:00,0,0
6/4/2019 20:00,0,0
6/4/2019 21:00,0,0
6/4/2019 22:00,0,0
6/4/2019 23:00,0,0
6/5/2019 0:00,0,0
6/5/2019 1:00,0,0
6/5/2019 2:00,0,1
6/5/2019 3:00,0,1
6/5/2019 4:00,0,1
6/5/2019 5:00,0,0
6/5/2019 6:00,0,0
6/5/2019 7:00,0,0
6/5/2019 8:00,0,0
6/5/2019 9:00,0,0
6/5/2019 10:00,0,0
6/5/2019 11:00,0,0
6/5/2019 12:00,0,1
6/5/2019 13:00,0,0
6/5/2019 14:00,0,0
6/5/2019 15:00,0,0
6/5/2019 16:00,0,0
6/5/2019 17:00,0,0
6/5/2019 18:00,0,0
6/5/2019 19:00,0,0
6/5/2019 20:00,0,0
6/5/2019 21:00,0,0
6/5/2019 22:00,0,0
6/5/2019 23:00,0,0
6/6/2019 0:00,0,0
6/6/2019 1:00,0,0
6/6/2019 2:00,0,1
6/6/2019 3:00,0,0
6/6/2019 4:00,0,0
6/6/2019 5:00,0,0
6/6/2019 6:00,0,1
6/6/2019 7:00,0,0
6/6/2019 8:00,0,0
6/6/2019 9:00,0,0
6/6/2019 10:00,0,0
6/6/2019 11:00,0,0
6/6/2019 12:00,0,0
6/6/2019 13:00,0,0
6/6/2019 14:00,0,0
6/6/2019 15:00,0,0
6/6/2019 16:00,0,1
6/6/2019 17:00,0,0
6/6/2019 18:00,0,0
6/6/2019 19:00,0,0
6/6/2019 20:00,0,0
6/6/2019 21:00,0,1
6/6/2019 22:00,0,1
6/6/2019 23:00,0,0
6/7/2019 0:00,0,0
6/7/2019 1:00,0,0
6/7/2019 2:00,0,0
6/7/2019 3:00,0,0
6/7/2019 4:00,0,0
6/7/2019 5:00,0,0
6/7/2019 6:00,0,0
6/7/2019 7:00,0,0
6/7/2019 8:00,0,0
6/7/2019 9:00,0,0
6/7/2019 10:00,0,0
6/7/2019 11:00,0,1
6/7/2019 12:00,0,0
6/7/2019 13:00,0,0
6/7/2019 14:00,0,0
6/7/2019 15:00,0,0
6/7/2019 16:00,0,0
6/7/2019 17:00,0,1
6/7/2019 18:00,0,1
6/7/2019 19:00,0,0
6/7/2019 20:00,0,0
6/7/2019 21:00,0,0
6/7/2019 22:00,0,0
6/7/2019 23:00,0,0
6/8/2019 0:00,0,0
6/8/2019 1:00,0,0
6/8/2019 2:00,0,0
6/8/2019 3:00,0,0
6/8/2019 4:00,0,0
6/8/2019 5:00,0,1
6/8/2019 6:00,0,1
6/8/2019 7:00,0,0
6/8/2019 8:00,0,0
6/8/2019 9:00,0,0
6/8/2019 10:00,0,0
6/8/2019 11:00,0,0
6/8/2019 12:00,0,0
6/8/2019 13:00,0,1
6/8/2019 14:00,0,0
6/8/2019 15:00,0,0
6/8/2019 16:00,0,0
6/8/2019 17:00,0,0
6/8/2019 18:00,0,0
6/8/2019 19:00,0,0
6/8/2019 20:00,0,0
6/8/2019 21:00,0,1
6/8/2019 22:00,0,0
6/8/2019 23:00,0,0
6/9/2019 0:00,0,0
6/9/2019 1:00,0,0
6/9/2019 2:00,0,0
6/9/2019 3:00,0,1
6/9/2019 4:00,0,0
6/9/2019 5:00,0,0
6/9/2019 6:00,0,0
6/9/2019 7:00,0,0
6/9/2019 8:00,0,0
6/9/2019 9:00,0,0
6/9/2019 10:00,0,0
6/9/2019 11:00,0,0
6/9/2019 12:00,0,0
6/9/2019 13:00,0,0
6/9/2019 14:00,0,0
6/9/2019 15:00,0,0
6/9/2019 16:00,0,0
6/9/2019 17:00,0,0
6/9/2019 18:00,0,0
6/9/2019 19:00,0,0
6/9/2019 20:00,0,0
6/9/2019 21:00,0,0
6/9/2019 22:00,0,0
6/9/2019 23:00,0,0
6/10/2019 0:00,0,0
6/10/2019 1:00,0,0
6/10/2019 2:00,0,0
6/10/2019 3:00,0,0
6/10/2019 4:00,0,0
6/10/2019 5:00,0,0
6/10/2019 6:00,0,0
6/10/2019 7:00,0,0
6/10/2019 8:00,0,0
6/10/2019 9:00,0,1
6/10/2019 10:00,0,0
6/10/2019 11:00,0,0
6/10/2019 12:00,0,0
6/10/2019 13:00,0,0
6/10/2019 14:00,0,0
6/10/2019 15:00,0,0
6/10/2019 16:00,0,0
6/10/2019 17:00,0,0
6/10/2019 18:00,0,0
6/10/2019 19:00,0,0
6/10/2019 20:00,0,0
6/10/2019 21:00,0,0
6/10/2019 22:00,0,0
6/10/2019 23:00,0,0
6/11/2019 0:00,0,0
6/11/2019 1:00,0,0
6/11/2019 2:00,0,0
6/11/2019 3:00,0,1
6/11/2019 4:00,0,1
6/11/2019 5:00,0,0
6/11/2019 6:00,0,0
6/11/2019 7:00,0,0
6/11/2019 8:00,0,0
6/11/2019 9:00,0,0
6/11/2019 10:00,0,1
6/11/2019 11:00,0,0
6/11/2019 12:00,0,0
6/11/2019 13:00,0,0
6/11/2019 14:00,0,0
6/11/2019 15:00,0,0
6/11/2019 16:00,0,0
6/11/2019 17:00,0,0
6/11/2019 18:00,0,0
6/11/2019 19:00,0,0
6/11/2019 20:00,0,0
6/11/2019 21:00,0,0
6/11/2019 22:00,0,0
6/11/2019 23:00,0,0
6/12/2019 0:00,0,0
6/12/2019 1:00,0,0
6/12/2019 2:00,0,0
6/12/2019 3:00,0,0
6/12/2019 4:00,0,0
6/12/2019 5:00,0,0
6/12/2019 6:00,0,0
6/12/2019 7:00,0,1
6/12/2019 8:00,0,0
6/12/2019 9:00,0,1
6/12/2019 10:00,0,0
6/12/2019 11:00,0,0
6/12/2019 12:00,0,0
6/12/2019 13:00,0,0
6/12/2019 14:00,0,0
6/12/2019 15:00,0,0
6/12/2019 16:00,0,0
6/12/2019 17:00,0,0
6/12/2019 18:00,0,0
6/12/2019 19:00,0,0
6/12/2019 20:00,0,0
6/12/2019 21:00,0,0
6/12/2019 22:00,0,0
6/12/2019 23:00,0,0
6/13/2019 0:00,0,0
6/13/2019 1:00,0,0
6/13/2019 2:00,0,0
6/13/2019 3:00,0,0
6/13/2019 4:00,0,0
6/13/2019 5:00,0,0
6/13/2019 6:00,0,0
6/13/2019 7:00,0,0
6/13/2019 8:00,0,0
6/13/2019 9:00,0,0
6/13/2019 10:00,0,0
6/13/2019 11:00,0,0
6/13/2019 12:00,0,0
6/13/2019 13:00,0,0
6/13/2019 14:00,0,0
6/13/2019 15:00,0,0
6/13/2019 16:00,0,0
6/13/2019 17:00,0,0
6/13/2019 18:00,0,0
6/13/2019 19:00,0,0
6/13/2019 20:00,0,0
6/13/2019 21:00,0,0
6/13/2019 22:00,0,0
6/13/2019 23:00,0,0
6/14/2019 0:00,0,0
6/14/2019 1:00,0,0
6/14/2019 2:00,0,0
6/14/2019 3:00,0,1
6/14/2019 4:00,0,0
6/14/2019 5:00,0,0
6/14/2019 6:00,0,0
6/14/2019 7:00,0,0
6/14/2019 8:00,0,0
6/14/2019 9:00,0,0
6/14/2019 10:00,0,1
6/14/2019 11:00,0,0
6/14/2019 12:00,0,0
6/14/2019 13:00,0,0
6/14/2019 14:00,0,0
6/14/2019 15:00,0,0
6/14/2019 16:00,0,0
6/14/2019 17:00,0,0
6/14/2019 18:00,0,0
6/14/2019 19:00,0,0
6/14/2019 20:00,0,0
6/14/2019 21:00,0,0
6/14/2019 22:00,0,0
6/14/2019 23:00,0,0
6/15/2019 0:00,0,0
6/15/2019 1:00,0,0
6/15/2019 2:00,0,0
6/15/2019 3:00,0,0
6/15/2019 4:00,0,0
6/15/2019 5:00,0,0
6/15/2019 6:00,0,0
6/15/2019 7:00,0,0
6/15/2019 8:00,0,0
6/15/2019 9:00,0,0
6/15/2019 10:00,0,0
6/15/2019 11:00,0,0
6/15/2019 12:00,0,0
6/15/2019 13:00,0,0
6/15/2019 14:00,0,0
6/15/2019 15:00,0,0
6/15/2019 16:00,0,0
6/15/2019 17:00,0,0
6/15/2019 18:00,0,0
6/15/2019 19:00,0,0
6/15/2019 20:00,0,0
6/15/2019 21:00,0,0
6/15/2019 22:00,0,0
6/15/2019 23:00,0,0
6/16/2019 0:00,0,0
6/16/2019 1:00,0,0
6/16/2019 2:00,0,0
6/16/2019 3:00,0,0
6/16/2019 4:00,0,0
6/16/2019 5:00,0,0
6/16/2019 6:00,0,0
6/16/2019 7:00,0,0
6/16/2019 8:00,0,0
6/16/2019 9:00,0,0
6/16/2019 10:00,0,0
6/16/2019 11:00,0,0
6/16/2019 12:00,0,0
6/16/2019 13:00,0,0
6/16/2019 14:00,0,0
6/16/2019 15:00,0,0
6/16/2019 16:00,0,0
6/16/2019 17:00,0,0
6/16/2019 18:00,0,0
6/16/2019 19:00,0,0
6/16/2019 20:00,0,0
6/16/2019 21:00,0,0
6/16/2019 22:00,0,0
6/16/2019 23:00,0,0
6/17/2019 0:00,0,0
6/17/2019 1:00,0,0
6/17/2019 2:00,0,0
6/17/2019 3:00,0,0
6/17/2019 4:00,0,0
6/17/2019 5:00,0,0
6/17/2019 6:00,0,0
6/17/2019 7:00,0,0
6/17/2019 8:00,0,0
6/17/2019 9:00,0,0
6/17/2019 10:00,0,0
6/17/2019 11:00,0,0
6/17/2019 12:00,0,0
6/17/2019 13:00,0,0
6/17/2019 14:00,0,0
6/17/2019 15:00,0,0
6/17/2019 16:00,0,0
6/17/2019 17:00,0,0
6/17/2019 18:00,0,0
6/17/2019 19:00,0,0
6/17/2019 20:00,0,0
6/17/2019 21:00,0,0
6/17/2019 22:00,0,0
6/17/2019 23:00,0,0
6/18/2019 0:00,0,0
6/18/2019 1:00,0,0
6/18/2019 2:00,0,0
6/18/2019 3:00,0,0
6/18/2019 4:00,0,0
6/18/2019 5:00,0,0
6/18/2019 6:00,0,0
6/18/2019 7:00,0,0
6/18/2019 8:00,0,0
6/18/2019 9:00,0,0
6/18/2019 10:00,0,0
6/18/2019 11:00,0,1
6/18/2019 12:00,0,0
6/18/2019 13:00,0,0
6/18/2019 14:00,0,0
6/18/2019 15:00,0,0
6/18/2019 16:00,0,0
6/18/2019 17:00,0,0
6/18/2019 18:00,0,0
6/18/2019 19:00,0,0
6/18/2019 20:00,0,0
6/18/2019 21:00,0,0
6/18/2019 22:00,0,0
6/18/2019 23:00,0,0
6/19/2019 0:00,0,0
6/19/2019 1:00,0,0
6/19/2019 2:00,0,0
6/19/2019 3:00,0,0
6/19/2019 4:00,0,0
6/19/2019 5:00,0,0
6/19/2019 6:00,0,0
6/19/2019 7:00,0,0
6/19/2019 8:00,0,0
6/19/2019 9:00,0,0
6/19/2019 10:00,0,0
6/19/2019 11:00,0,0
6/19/2019 12:00,0,0
6/19/2019 13:00,0,0
6/19/2019 14:00,0,0
6/19/2019 15:00,0,0
6/19/2019 16:00,0,0
6/19/2019 17:00,0,0
6/19/2019 18:00,0,0
6/19/2019 19:00,0,0
6/19/2019 20:00,0,0
6/19/2019 21:00,0,0
6/19/2019 22:00,0,0
6/19/2019 23:00,0,0
6/20/2019 0:00,0,0
6/20/2019 1:00,0,0
6/20/2019 2:00,0,0
6/20/2019 3:00,0,0
6/20/2019 4:00,0,0
6/20/2019 5:00,0,0
6/20/2019 6:00,0,0
6/20/2019 7:00,0,0
6/20/2019 8:00,0,0
6/20/2019 9:00,0,0
6/20/2019 10:00,0,0
6/20/2019 11:00,0,0
6/20/2019 12:00,0,0
6/20/2019 13:00,0,0
6/20/2019 14:00,0,0
6/20/2019 15:00,0,0
6/20/2019 16:00,0,0
6/20/2019 17:00,0,0
6/20/2019 18:00,0,0
6/20/2019 19:00,0,0
6/20/2019 20:00,0,0
6/20/2019 21:00,0,0
6/20/2019 22:00,0,0
6/20/2019 23:00,0,0
6/21/2019 0:00,0,0
6/21/2019 1:00,0,0
6/21/2019 2:00,0,0
6/21/2019 3:00,0,0
6/21/2019 4:00,0,0
6/21/2019 5:00,0,0
6/21/2019 6:00,0,0
6/21/2019 7:00,0,0
6/21/2019 8:00,0,0
6/21/2019 9:00,0,0
6/21/2019 10:00,0,0
6/21/2019 11:00,0,0
6/21/2019 12:00,0,0
6/21/2019 13:00,0,0
6/21/2019 14:00,0,0
6/21/2019 15:00,0,0
6/21/2019 16:00,0,0
6/21/2019 17:00,0,0
6/21/2019 18:00,0,0
6/21/2019 19:00,0,0
6/21/2019 20:00,0,0
6/21/2019 21:00,0,0
6/21/2019 22:00,0,0
6/21/2019 23:00,0,1
6/22/2019 0:00,0,0
6/22/2019 1:00,0,0
6/22/2019 2:00,0,1
6/22/2019 3:00,0,1
6/22/2019 4:00,0,0
6/22/2019 5:00,0,0
6/22/2019 6:00,0,0
6/22/2019 7:00,0,0
6/22/2019 8:00,0,0
6/22/2019 9:00,0,0
6/22/2019 10:00,0,0
6/22/2019 11:00,0,1
6/22/2019 12:00,0,0
6/22/2019 13:00,0,0
6/22/2019 14:00,0,0
6/22/2019 15:00,0,0
6/22/2019 16:00,0,0
6/22/2019 17:00,0,0
6/22/2019 18:00,0,1
6/22/2019 19:00,0,0
6/22/2019 20:00,0,0
6/22/2019 21:00,0,0
6/22/2019 22:00,0,0
6/22/2019 23:00,0,0
6/23/2019 0:00,0,0
6/23/2019 1:00,0,0
6/23/2019 2:00,0,0
6/23/2019 3:00,0,0
6/23/2019 4:00,0,0
6/23/2019 5:00,0,0
6/23/2019 6:00,0,0
6/23/2019 7:00,0,0
6/23/2019 8:00,0,0
6/23/2019 9:00,0,0
6/23/2019 10:00,0,0
6/23/2019 11:00,0,0
6/23/2019 12:00,0,0
6/23/2019 13:00,0,1
6/23/2019 14:00,0,0
6/23/2019 15:00,0,1
6/23/2019 16:00,0,0
6/23/2019 17:00,0,0
6/23/2019 18:00,0,0
6/23/2019 19:00,0,0
6/23/2019 20:00,0,0
6/23/2019 21:00,0,0
6/23/2019 22:00,0,0
6/23/2019 23:00,0,0
6/24/2019 0:00,0,1
6/24/2019 1:00,0,0
6/24/2019 2:00,0,0
6/24/2019 3:00,0,0
6/24/2019 4:00,0,0
6/24/2019 5:00,0,0
6/24/2019 6:00,0,0
6/24/2019 7:00,0,0
6/24/2019 8:00,0,0
6/24/2019 9:00,0,0
6/24/2019 10:00,0,0
6/24/2019 11:00,0,0
6/24/2019 12:00,0,0
6/24/2019 13:00,0,0
6/24/2019 14:00,0,0
6/24/2019 15:00,0,0
6/24/2019 16:00,0,0
6/24/2019 17:00,0,0
6/24/2019 18:00,0,0
6/24/2019 19:00,0,0
6/24/2019 20:00,0,0
6/24/2019 21:00,0,0
6/24/2019 22:00,0,0
6/24/2019 23:00,0,0
6/25/2019 0:00,0,0
6/25/2019 1:00,0,0
6/25/2019 2:00,0,0
6/25/2019 3:00,0,0
6/25/2019 4:00,0,0
6/25/2019 5:00,0,0
6/25/2019 6:00,0,0
6/25/2019 7:00,0,0
6/25/2019 8:00,0,0
6/25/2019 9:00,0,0
6/25/2019 10:00,0,1
6/25/2019 11:00,0,0
6/25/2019 12:00,0,0
6/25/2019 13:00,0,0
6/25/2019 14:00,0,0
6/25/2019 15:00,0,0
6/25/2019 16:00,0,0
6/25/2019 17:00,0,0
6/25/2019 18:00,0,0
6/25/2019 19:00,0,0
6/25/2019 20:00,0,0
6/25/2019 21:00,0,0
6/25/2019 22:00,0,0
6/25/2019 23:00,0,0
6/26/2019 0:00,0,0
6/26/2019 1:00,0,0
6/26/2019 2:00,0,0
6/26/2019 3:00,0,0
6/26/2019 4:00,0,0
6/26/2019 5:00,0,0
6/26/2019 6:00,0,0
6/26/2019 7:00,0,0
6/26/2019 8:00,0,0
6/26/2019 9:00,0,0
6/26/2019 10:00,0,0
6/26/2019 11:00,0,0
6/26/2019 12:00,0,0
6/26/2019 13:00,0,1
6/26/2019 14:00,0,0
6/26/2019 15:00,0,0
6/26/2019 16:00,0,0
6/26/2019 17:00,0,0
6/26/2019 18:00,0,0
6/26/2019 19:00,0,0
6/26/2019 20:00,0,0
6/26/2019 21:00,0,0
6/26/2019 22:00,0,0
6/26/2019 23:00,0,0
6/27/2019 0:00,0,0
6/27/2019 1:00,0,0
6/27/2019 2:00,0,0
6/27/2019 3:00,0,0
6/27/2019 4:00,0,0
6/27/2019 5:00,0,0
6/27/2019 6:00,0,0
6/27/2019 7:00,0,0
6/27/2019 8:00,0,0
6/27/2019 9:00,0,0
6/27/2019 10:00,0,0
6/27/2019 11:00,0,0
6/27/2019 12:00,0,0
6/27/2019 13:00,0,1
6/27/2019 14:00,0,0
6/27/2019 15:00,0,0
6/27/2019 16:00,0,0
6/27/2019 17:00,0,0
6/27/2019 18:00,0,0
6/27/2019 19:00,0,0
6/27/2019 20:00,0,0
6/27/2019 21:00,0,0
6/27/2019 22:00,0,0
6/27/2019 23:00,0,0
6/28/2019 0:00,0,0
6/28/2019 1:00,0,0
6/28/2019 2:00,0,0
6/28/2019 3:00,0,0
6/28/2019 4:00,0,0
6/28/2019 5:00,0,0
6/28/2019 6:00,0,0
6/28/2019 7:00,0,0
6/28/2019 8:00,0,0
6/28/2019 9:00,0,0
6/28/2019 10:00,0,0
6/28/2019 11:00,0,0
6/28/2019 12:00,0,0
6/28/2019 13:00,0,0
6/28/2019 14:00,0,0
6/28/2019 15:00,0,1
6/28/2019 16:00,0,0
6/28/2019 17:00,0,0
6/28/2019 18:00,0,0
6/28/2019 19:00,0,0
6/28/2019 20:00,0,0
6/28/2019 21:00,0,0
6/28/2019 22:00,0,0
6/28/2019 23:00,0,0
6/29/2019 0:00,0,0
6/29/2019 1:00,0,0
6/29/2019 2:00,0,0
6/29/2019 3:00,0,0
6/29/2019 4:00,0,0
6/29/2019 5:00,0,0
6/29/2019 6:00,0,0
6/29/2019 7:00,0,0
6/29/2019 8:00,0,0
6/29/2019 9:00,0,0
6/29/2019 10:00,0,0
6/29/2019 11:00,0,0
6/29/2019 12:00,0,0
6/29/2019 13:00,0,0
6/29/2019 14:00,0,0
6/29/2019 15:00,0,0
6/29/2019 16:00,0,0
6/29/2019 17:00,0,0
6/29/2019 18:00,0,0
6/29/2019 19:00,0,0
6/29/2019 20:00,0,0
6/29/2019 21:00,0,0
6/29/2019 22:00,0,0
6/29/2019 23:00,0,0
6/30/2019 0:00,0,0
6/30/2019 1:00,0,0
6/30/2019 2:00,0,0
6/30/2019 3:00,0,0
6/30/2019 4:00,0,0
6/30/2019 5:00,0,0
6/30/2019 6:00,0,0
6/30/2019 7:00,0,0
6/30/2019 8:00,0,0
6/30/2019 9:00,0,0
6/30/2019 10:00,0,0
6/30/2019 11:00,0,0
6/30/2019 12:00,0,0
6/30/2019 13:00,0,0
6/30/2019 14:00,0,0
6/30/2019 15:00,0,0
6/30/2019 16:00,0,0
6/30/2019 17:00,0,1
6/30/2019 18:00,0,0
6/30/2019 19:00,0,0
6/30/2019 20:00,0,0
6/30/2019 21:00,0,0
6/30/2019 22:00,0,0
6/30/2019 23:00,0,0
7/1/2019 0:00,0,0
7/1/2019 1:00,0,0
7/1/2019 2:00,0,0
7/1/2019 3:00,0,0
7/1/2019 4:00,0,0
7/1/2019 5:00,0,0
7/1/2019 6:00,0,0
7/1/2019 7:00,0,0
7/1/2019 8:00,0,0
7/1/2019 9:00,0,0
7/1/2019 10:00,0,0
7/1/2019 11:00,0,0
7/1/2019 12:00,0,0
7/1/2019 13:00,0,0
7/1/2019 14:00,0,0
7/1/2019 15:00,0,0
7/1/2019 16:00,0,0
7/1/2019 17:00,0,0
7/1/2019 18:00,0,0
7/1/2019 19:00,0,0
7/1/2019 20:00,0,0
7/1/2019 21:00,0,0
7/1/2019 22:00,0,0
7/1/2019 23:00,0,0
7/2/2019 0:00,0,0
7/2/2019 1:00,0,0
7/2/2019 2:00,0,0
7/2/2019 3:00,0,0
7/2/2019 4:00,0,0
7/2/2019 5:00,0,0
7/2/2019 6:00,0,0
7/2/2019 7:00,0,0
7/2/2019 8:00,0,0
7/2/2019 9:00,0,0
7/2/2019 10:00,0,0
7/2/2019 11:00,0,0
7/2/2019 12:00,0,0
7/2/2019 13:00,0,0
7/2/2019 14:00,0,0
7/2/2019 15:00,0,0
7/2/2019 16:00,0,0
7/2/2019 17:00,0,0
7/2/2019 18:00,0,0
7/2/2019 19:00,0,0
7/2/2019 20:00,0,0
7/2/2019 21:00,0,0
7/2/2019 22:00,0,0
7/2/2019 23:00,0,0
7/3/2019 0:00,0,0
7/3/2019 1:00,0,0
7/3/2019 2:00,0,0
7/3/2019 3:00,0,0
7/3/2019 4:00,0,1
7/3/2019 5:00,0,0
7/3/2019 6:00,0,0
7/3/2019 7:00,0,0
7/3/2019 8:00,0,0
7/3/2019 9:00,0,0
7/3/2019 10:00,0,0
7/3/2019 11:00,0,0
7/3/2019 12:00,0,0
7/3/2019 13:00,0,0
7/3/2019 14:00,0,0
7/3/2019 15:00,0,0
7/3/2019 16:00,0,0
7/3/2019 17:00,0,0
7/3/2019 18:00,0,0
7/3/2019 19:00,0,0
7/3/2019 20:00,0,0
7/3/2019 21:00,0,0
7/3/2019 22:00,0,0
7/3/2019 23:00,0,0
7/4/2019 0:00,0,0
7/4/2019 1:00,0,0
7/4/2019 2:00,0,0
7/4/2019 3:00,0,0
7/4/2019 4:00,0,0
7/4/2019 5:00,0,0
7/4/2019 6:00,0,0
7/4/2019 7:00,0,0
7/4/2019 8:00,0,0
7/4/2019 9:00,0,0
7/4/2019 10:00,0,0
7/4/2019 11:00,0,0
7/4/2019 12:00,0,0
7/4/2019 13:00,0,0
7/4/2019 14:00,0,0
7/4/2019 15:00,0,0
7/4/2019 16:00,0,0
7/4/2019 17:00,0,0
7/4/2019 18:00,0,0
7/4/2019 19:00,0,0
7/4/2019 20:00,0,0
7/4/2019 21:00,0,0
7/4/2019 22:00,0,0
7/4/2019 23:00,0,0
7/5/2019 0:00,0,0
7/5/2019 1:00,0,0
7/5/2019 2:00,0,0
7/5/2019 3:00,0,0
7/5/2019 4:00,0,0
7/5/2019 5:00,0,0
7/5/2019 6:00,0,0
7/5/2019 7:00,0,0
7/5/2019 8:00,0,0
7/5/2019 9:00,0,0
7/5/2019 10:00,0,0
7/5/2019 11:00,0,0
7/5/2019 12:00,0,0
7/5/2019 13:00,0,0
7/5/2019 14:00,0,0
7/5/2019 15:00,0,0
7/5/2019 16:00,0,0
7/5/2019 17:00,0,0
7/5/2019 18:00,0,0
7/5/2019 19:00,0,0
7/5/2019 20:00,0,0
7/5/2019 21:00,0,0
7/5/2019 22:00,0,0
7/5/2019 23:00,0,0
7/6/2019 0:00,0,0
7/6/2019 1:00,0,0
7/6/2019 2:00,0,0
7/6/2019 3:00,0,0
7/6/2019 4:00,0,0
7/6/2019 5:00,0,0
7/6/2019 6:00,0,0
7/6/2019 7:00,0,0
7/6/2019 8:00,0,0
7/6/2019 9:00,0,0
7/6/2019 10:00,0,0
7/6/2019 11:00,0,0
7/6/2019 12:00,0,0
7/6/2019 13:00,0,0
7/6/2019 14:00,0,0
7/6/2019 15:00,0,0
7/6/2019 16:00,0,0
7/6/2019 17:00,0,0
7/6/2019 18:00,0,0
7/6/2019 19:00,0,0
7/6/2019 20:00,0,0
7/6/2019 21:00,0,0
7/6/2019 22:00,0,0
7/6/2019 23:00,0,0
7/7/2019 0:00,0,0
7/7/2019 1:00,0,1
7/7/2019 2:00,0,1
7/7/2019 3:00,0,0
7/7/2019 4:00,0,0
7/7/2019 5:00,0,0
7/7/2019 6:00,0,0
7/7/2019 7:00,0,0
7/7/2019 8:00,0,0
7/7/2019 9:00,0,0
7/7/2019 10:00,0,0
7/7/2019 11:00,0,0
7/7/2019 12:00,0,0
7/7/2019 13:00,0,0
7/7/2019 14:00,0,0
7/7/2019 15:00,0,0
7/7/2019 16:00,0,0
7/7/2019 17:00,0,0
7/7/2019 18:00,0,0
7/7/2019 19:00,0,0
7/7/2019 20:00,0,0
7/7/2019 21:00,0,0
7/7/2019 22:00,0,0
7/7/2019 23:00,0,0
7/8/2019 0:00,0,0
7/8/2019 1:00,0,1
7/8/2019 2:00,0,1
7/8/2019 3:00,0,0
7/8/2019 4:00,0,0
7/8/2019 5:00,0,0
7/8/2019 6:00,0,1
7/8/2019 7:00,0,1
7/8/2019 8:00,0,0
7/8/2019 9:00,0,0
7/8/2019 10:00,0,1
7/8/2019 11:00,0,0
7/8/2019 12:00,0,0
7/8/2019 13:00,0,0
7/8/2019 14:00,0,0
7/8/2019 15:00,0,0
7/8/2019 16:00,0,0
7/8/2019 17:00,0,0
7/8/2019 18:00,0,0
7/8/2019 19:00,0,0
7/8/2019 20:00,0,0
7/8/2019 21:00,0,0
7/8/2019 22:00,0,0
7/8/2019 23:00,0,0
7/9/2019 0:00,0,0
7/9/2019 1:00,0,0
7/9/2019 2:00,0,0
7/9/2019 3:00,0,0
7/9/2019 4:00,0,0
7/9/2019 5:00,0,0
7/9/2019 6:00,0,0
7/9/2019 7:00,0,0
7/9/2019 8:00,0,0
7/9/2019 9:00,0,0
7/9/2019 10:00,0,0
7/9/2019 11:00,0,0
7/9/2019 12:00,0,0
7/9/2019 13:00,0,0
7/9/2019 14:00,0,0
7/9/2019 15:00,0,0
7/9/2019 16:00,0,0
7/9/2019 17:00,0,0
7/9/2019 18:00,0,0
7/9/2019 19:00,0,0
7/9/2019 20:00,0,0
7/9/2019 21:00,0,0
7/9/2019 22:00,0,0
7/9/2019 23:00,0,0
7/10/2019 0:00,0,0
7/10/2019 1:00,0,0
7/10/2019 2:00,0,0
7/10/2019 3:00,0,0
7/10/2019 4:00,0,0
7/10/2019 5:00,0,0
7/10/2019 6:00,0,0
7/10/2019 7:00,0,0
7/10/2019 8:00,0,0
7/10/2019 9:00,0,0
7/10/2019 10:00,0,0
7/10/2019 11:00,0,0
7/10/2019 12:00,0,0
7/10/2019 13:00,0,0
7/10/2019 14:00,0,1
7/10/2019 15:00,0,0
7/10/2019 16:00,0,0
7/10/2019 17:00,0,0
7/10/2019 18:00,0,0
7/10/2019 19:00,0,0
7/10/2019 20:00,0,0
7/10/2019 21:00,0,0
7/10/2019 22:00,0,0
7/10/2019 23:00,0,0
7/11/2019 0:00,0,0
7/11/2019 1:00,0,0
7/11/2019 2:00,0,0
7/11/2019 3:00,0,0
7/11/2019 4:00,0,0
7/11/2019 5:00,0,0
7/11/2019 6:00,0,0
7/11/2019 7:00,0,0
7/11/2019 8:00,0,0
7/11/2019 9:00,0,0
7/11/2019 10:00,0,0
7/11/2019 11:00,0,0
7/11/2019 12:00,0,0
7/11/2019 13:00,0,0
7/11/2019 14:00,0,0
7/11/2019 15:00,0,0
7/11/2019 16:00,0,0
7/11/2019 17:00,0,0
7/11/2019 18:00,0,0
7/11/2019 19:00,0,0
7/11/2019 20:00,0,0
7/11/2019 21:00,0,0
7/11/2019 22:00,0,0
7/11/2019 23:00,0,0
7/12/2019 0:00,0,0
7/12/2019 1:00,0,0
7/12/2019 2:00,0,0
7/12/2019 3:00,0,0
7/12/2019 4:00,0,0
7/12/2019 5:00,0,0
7/12/2019 6:00,0,0
7/12/2019 7:00,0,0
7/12/2019 8:00,0,0
7/12/2019 9:00,0,0
7/12/2019 10:00,0,0
7/12/2019 11:00,0,0
7/12/2019 12:00,0,0
7/12/2019 13:00,0,0
7/12/2019 14:00,0,0
7/12/2019 15:00,0,0
7/12/2019 16:00,0,0
7/12/2019 17:00,0,0
7/12/2019 18:00,0,0
7/12/2019 19:00,0,0
7/12/2019 20:00,0,0
7/12/2019 21:00,0,0
7/12/2019 22:00,0,0
7/12/2019 23:00,0,0
7/13/2019 0:00,0,0
7/13/2019 1:00,0,0
7/13/2019 2:00,0,0
7/13/2019 3:00,0,0
7/13/2019 4:00,0,0
7/13/2019 5:00,0,1
7/13/2019 6:00,0,1
7/13/2019 7:00,0,0
7/13/2019 8:00,0,0
7/13/2019 9:00,0,0
7/13/2019 10:00,0,0
7/13/2019 11:00,0,0
7/13/2019 12:00,0,0
7/13/2019 13:00,0,0
7/13/2019 14:00,0,0
7/13/2019 15:00,0,0
7/13/2019 16:00,0,0
7/13/2019 17:00,0,0
7/13/2019 18:00,0,0
7/13/2019 19:00,0,0
7/13/2019 20:00,0,0
7/13/2019 21:00,0,0
7/13/2019 22:00,0,0
7/13/2019 23:00,0,0
7/14/2019 0:00,0,0
7/14/2019 1:00,0,0
7/14/2019 2:00,0,0
7/14/2019 3:00,0,0
7/14/2019 4:00,0,0
7/14/2019 5:00,0,0
7/14/2019 6:00,0,0
7/14/2019 7:00,0,0
7/14/2019 8:00,0,0
7/14/2019 9:00,0,0
7/14/2019 10:00,0,0
7/14/2019 11:00,0,0
7/14/2019 12:00,0,0
7/14/2019 13:00,0,0
7/14/2019 14:00,0,0
7/14/2019 15:00,0,0
7/14/2019 16:00,0,0
7/14/2019 17:00,0,0
7/14/2019 18:00,0,0
7/14/2019 19:00,0,0
7/14/2019 20:00,0,0
7/14/2019 21:00,0,0
7/14/2019 22:00,0,0
7/14/2019 23:00,0,0
7/15/2019 0:00,0,0
7/15/2019 1:00,0,0
7/15/2019 2:00,0,0
7/15/2019 3:00,0,0
7/15/2019 4:00,0,0
7/15/2019 5:00,0,0
7/15/2019 6:00,0,0
7/15/2019 7:00,0,0
7/15/2019 8:00,0,0
7/15/2019 9:00,0,0
7/15/2019 10:00,0,0
7/15/2019 11:00,0,1
7/15/2019 12:00,0,0
7/15/2019 13:00,0,0
7/15/2019 14:00,0,0
7/15/2019 15:00,0,0
7/15/2019 16:00,0,0
7/15/2019 17:00,0,0
7/15/2019 18:00,0,0
7/15/2019 19:00,0,0
7/15/2019 20:00,0,0
7/15/2019 21:00,0,0
7/15/2019 22:00,0,0
7/15/2019 23:00,0,0
7/16/2019 0:00,0,0
7/16/2019 1:00,0,0
7/16/2019 2:00,0,0
7/16/2019 3:00,0,0
7/16/2019 4:00,0,0
7/16/2019 5:00,0,0
7/16/2019 6:00,0,0
7/16/2019 7:00,0,0
7/16/2019 8:00,0,0
7/16/2019 9:00,0,0
7/16/2019 10:00,0,0
7/16/2019 11:00,0,0
7/16/2019 12:00,0,0
7/16/2019 13:00,0,0
7/16/2019 14:00,0,0
7/16/2019 15:00,0,0
7/16/2019 16:00,0,0
7/16/2019 17:00,0,0
7/16/2019 18:00,0,0
7/16/2019 19:00,0,0
7/16/2019 20:00,0,0
7/16/2019 21:00,0,0
7/16/2019 22:00,0,0
7/16/2019 23:00,0,0
7/17/2019 0:00,0,0
7/17/2019 1:00,0,0
7/17/2019 2:00,0,0
7/17/2019 3:00,0,0
7/17/2019 4:00,0,0
7/17/2019 5:00,0,0
7/17/2019 6:00,0,0
7/17/2019 7:00,0,0
7/17/2019 8:00,0,0
7/17/2019 9:00,0,0
7/17/2019 10:00,0,0
7/17/2019 11:00,0,0
7/17/2019 12:00,0,0
7/17/2019 13:00,0,0
7/17/2019 14:00,0,0
7/17/2019 15:00,0,0
7/17/2019 16:00,0,0
7/17/2019 17:00,0,0
7/17/2019 18:00,0,0
7/17/2019 19:00,0,0
7/17/2019 20:00,0,0
7/17/2019 21:00,0,0
7/17/2019 22:00,0,0
7/17/2019 23:00,0,0
7/18/2019 0:00,0,0
7/18/2019 1:00,0,0
7/18/2019 2:00,0,0
7/18/2019 3:00,0,1
7/18/2019 4:00,0,1
7/18/2019 5:00,0,0
7/18/2019 6:00,0,0
7/18/2019 7:00,0,0
7/18/2019 8:00,0,0
7/18/2019 9:00,0,0
7/18/2019 10:00,0,0
7/18/2019 11:00,0,0
7/18/2019 12:00,0,0
7/18/2019 13:00,0,0
7/18/2019 14:00,0,0
7/18/2019 15:00,0,0
7/18/2019 16:00,0,0
7/18/2019 17:00,0,0
7/18/2019 18:00,0,0
7/18/2019 19:00,0,0
7/18/2019 20:00,0,0
7/18/2019 21:00,0,0
7/18/2019 22:00,0,0
7/18/2019 23:00,0,0
7/19/2019 0:00,0,1
7/19/2019 1:00,0,0
7/19/2019 2:00,0,1
7/19/2019 3:00,0,0
7/19/2019 4:00,0,0
7/19/2019 5:00,0,0
7/19/2019 6:00,0,0
7/19/2019 7:00,0,0
7/19/2019 8:00,0,0
7/19/2019 9:00,0,0
7/19/2019 10:00,0,0
7/19/2019 11:00,0,0
7/19/2019 12:00,0,0
7/19/2019 13:00,0,0
7/19/2019 14:00,0,1
7/19/2019 15:00,0,0
7/19/2019 16:00,0,0
7/19/2019 17:00,0,0
7/19/2019 18:00,0,0
7/19/2019 19:00,0,0
7/19/2019 20:00,0,0
7/19/2019 21:00,0,0
7/19/2019 22:00,0,0
7/19/2019 23:00,0,0
7/20/2019 0:00,0,0
7/20/2019 1:00,0,0
7/20/2019 2:00,0,0
7/20/2019 3:00,0,0
7/20/2019 4:00,0,0
7/20/2019 5:00,0,0
7/20/2019 6:00,0,0
7/20/2019 7:00,0,0
7/20/2019 8:00,0,0
7/20/2019 9:00,0,0
7/20/2019 10:00,0,1
7/20/2019 11:00,0,1
7/20/2019 12:00,0,0
7/20/2019 13:00,0,1
7/20/2019 14:00,0,1
7/20/2019 15:00,0,1
7/20/2019 16:00,0,0
7/20/2019 17:00,0,0
7/20/2019 18:00,0,0
7/20/2019 19:00,0,0
7/20/2019 20:00,0,0
7/20/2019 21:00,0,0
7/20/2019 22:00,0,1
7/20/2019 23:00,0,0
7/21/2019 0:00,0,1
7/21/2019 1:00,0,1
7/21/2019 2:00,0,1
7/21/2019 3:00,0,1
7/21/2019 4:00,0,1
7/21/2019 5:00,0,0
7/21/2019 6:00,0,0
7/21/2019 7:00,0,0
7/21/2019 8:00,0,0
7/21/2019 9:00,0,0
7/21/2019 10:00,0,1
7/21/2019 11:00,0,0
7/21/2019 12:00,0,0
7/21/2019 13:00,0,0
7/21/2019 14:00,0,0
7/21/2019 15:00,0,1
7/21/2019 16:00,0,0
7/21/2019 17:00,0,0
7/21/2019 18:00,0,0
7/21/2019 19:00,0,0
7/21/2019 20:00,0,1
7/21/2019 21:00,0,0
7/21/2019 22:00,0,0
7/21/2019 23:00,0,0
7/22/2019 0:00,0,0
7/22/2019 1:00,0,0
7/22/2019 2:00,0,0
7/22/2019 3:00,0,0
7/22/2019 4:00,0,0
7/22/2019 5:00,0,1
7/22/2019 6:00,0,0
7/22/2019 7:00,0,1
7/22/2019 8:00,0,0
7/22/2019 9:00,0,1
7/22/2019 10:00,0,0
7/22/2019 11:00,0,0
7/22/2019 12:00,0,0
7/22/2019 13:00,0,0
7/22/2019 14:00,0,0
7/22/2019 15:00,0,0
7/22/2019 16:00,0,0
7/22/2019 17:00,0,0
7/22/2019 18:00,0,0
7/22/2019 19:00,0,0
7/22/2019 20:00,0,0
7/22/2019 21:00,0,0
7/22/2019 22:00,0,0
7/22/2019 23:00,0,0
7/23/2019 0:00,0,0
7/23/2019 1:00,0,0
7/23/2019 2:00,0,0
7/23/2019 3:00,0,0
7/23/2019 4:00,0,0
7/23/2019 5:00,0,0
7/23/2019 6:00,0,1
7/23/2019 7:00,0,0
7/23/2019 8:00,0,0
7/23/2019 9:00,0,0
7/23/2019 10:00,0,0
7/23/2019 11:00,0,0
7/23/2019 12:00,0,0
7/23/2019 13:00,0,0
7/23/2019 14:00,0,0
7/23/2019 15:00,0,0
7/23/2019 16:00,0,0
7/23/2019 17:00,0,0
7/23/2019 18:00,0,0
7/23/2019 19:00,0,0
7/23/2019 20:00,0,0
7/23/2019 21:00,0,0
7/23/2019 22:00,0,1
7/23/2019 23:00,0,1
7/24/2019 0:00,0,0
7/24/2019 1:00,0,0
7/24/2019 2:00,0,1
7/24/2019 3:00,0,1
7/24/2019 4:00,0,1
7/24/2019 5:00,0,1
7/24/2019 6:00,0,0
7/24/2019 7:00,0,0
7/24/2019 8:00,0,0
7/24/2019 9:00,0,1
7/24/2019 10:00,0,1
7/24/2019 11:00,0,1
7/24/2019 12:00,0,0
7/24/2019 13:00,0,1
7/24/2019 14:00,0,0
7/24/2019 15:00,0,0
7/24/2019 16:00,0,0
7/24/2019 17:00,0,0
7/24/2019 18:00,0,0
7/24/2019 19:00,0,0
7/24/2019 20:00,0,0
7/24/2019 21:00,0,0
7/24/2019 22:00,0,0
7/24/2019 23:00,0,1
7/25/2019 0:00,0,0
7/25/2019 1:00,0,0
7/25/2019 2:00,0,1
7/25/2019 3:00,0,1
7/25/2019 4:00,0,0
7/25/2019 5:00,0,0
7/25/2019 6:00,0,0
7/25/2019 7:00,0,0
7/25/2019 8:00,0,0
7/25/2019 9:00,0,0
7/25/2019 10:00,0,1
7/25/2019 11:00,0,0
7/25/2019 12:00,0,0
7/25/2019 13:00,0,0
7/25/2019 14:00,0,0
7/25/2019 15:00,0,0
7/25/2019 16:00,0,1
7/25/2019 17:00,0,0
7/25/2019 18:00,0,0
7/25/2019 19:00,0,1
7/25/2019 20:00,0,0
7/25/2019 21:00,0,0
7/25/2019 22:00,0,0
7/25/2019 23:00,0,1
7/26/2019 0:00,0,1
7/26/2019 1:00,0,1
7/26/2019 2:00,0,0
7/26/2019 3:00,0,1
7/26/2019 4:00,0,0
7/26/2019 5:00,0,0
7/26/2019 6:00,0,0
7/26/2019 7:00,0,0
7/26/2019 8:00,0,0
7/26/2019 9:00,0,0
7/26/2019 10:00,0,0
7/26/2019 11:00,0,0
7/26/2019 12:00,0,0
7/26/2019 13:00,0,0
7/26/2019 14:00,0,0
7/26/2019 15:00,0,0
7/26/2019 16:00,0,0
7/26/2019 17:00,0,0
7/26/2019 18:00,0,0
7/26/2019 19:00,0,0
7/26/2019 20:00,0,1
7/26/2019 21:00,0,1
7/26/2019 22:00,0,1
7/26/2019 23:00,0,0
7/27/2019 0:00,0,1
7/27/2019 1:00,0,1
7/27/2019 2:00,0,0
7/27/2019 3:00,0,0
7/27/2019 4:00,0,1
7/27/2019 5:00,0,0
7/27/2019 6:00,0,0
7/27/2019 7:00,0,0
7/27/2019 8:00,0,0
7/27/2019 9:00,0,0
7/27/2019 10:00,0,0
7/27/2019 11:00,0,1
7/27/2019 12:00,0,0
7/27/2019 13:00,0,1
7/27/2019 14:00,0,0
7/27/2019 15:00,0,0
7/27/2019 16:00,0,1
7/27/2019 17:00,0,1
7/27/2019 18:00,0,0
7/27/2019 19:00,0,0
7/27/2019 20:00,0,0
7/27/2019 21:00,0,0
7/27/2019 22:00,0,0
7/27/2019 23:00,0,0
7/28/2019 0:00,0,0
7/28/2019 1:00,0,0
7/28/2019 2:00,0,0
7/28/2019 3:00,0,1
7/28/2019 4:00,0,1
7/28/2019 5:00,0,0
7/28/2019 6:00,0,1
7/28/2019 7:00,0,0
7/28/2019 8:00,0,0
7/28/2019 9:00,0,0
7/28/2019 10:00,0,0
7/28/2019 11:00,0,0
7/28/2019 12:00,0,0
7/28/2019 13:00,0,0
7/28/2019 14:00,0,0
7/28/2019 15:00,0,0
7/28/2019 16:00,0,0
7/28/2019 17:00,0,0
7/28/2019 18:00,0,0
7/28/2019 19:00,0,0
7/28/2019 20:00,0,0
7/28/2019 21:00,0,0
7/28/2019 22:00,0,0
7/28/2019 23:00,0,0
7/29/2019 0:00,0,0
7/29/2019 1:00,0,1
7/29/2019 2:00,0,0
7/29/2019 3:00,0,0
7/29/2019 4:00,0,1
7/29/2019 5:00,0,0
7/29/2019 6:00,0,1
7/29/2019 7:00,0,0
7/29/2019 8:00,0,0
7/29/2019 9:00,0,0
7/29/2019 10:00,0,0
7/29/2019 11:00,0,0
7/29/2019 12:00,0,0
7/29/2019 13:00,0,0
7/29/2019 14:00,0,0
7/29/2019 15:00,0,0
7/29/2019 16:00,0,0
7/29/2019 17:00,0,1
7/29/2019 18:00,0,0
7/29/2019 19:00,0,0
7/29/2019 20:00,0,1
7/29/2019 21:00,0,0
7/29/2019 22:00,0,1
7/29/2019 23:00,0,1
7/30/2019 0:00,0,1
7/30/2019 1:00,0,0
7/30/2019 2:00,0,0
7/30/2019 3:00,0,0
7/30/2019 4:00,0,0
7/30/2019 5:00,0,0
7/30/2019 6:00,0,1
7/30/2019 7:00,0,1
7/30/2019 8:00,0,0
7/30/2019 9:00,0,0
7/30/2019 10:00,0,0
7/30/2019 11:00,0,1
7/30/2019 12:00,0,0
7/30/2019 13:00,0,0
7/30/2019 14:00,0,0
7/30/2019 15:00,0,0
7/30/2019 16:00,0,0
7/30/2019 17:00,0,1
7/30/2019 18:00,0,1
7/30/2019 19:00,0,1
7/30/2019 20:00,0,1
7/30/2019 21:00,0,1
7/30/2019 22:00,0,0
7/30/2019 23:00,0,1
7/31/2019 0:00,0,0
7/31/2019 1:00,0,0
7/31/2019 2:00,0,0
7/31/2019 3:00,0,0
7/31/2019 4:00,0,0
7/31/2019 5:00,0,0
7/31/2019 6:00,0,0
7/31/2019 7:00,0,0
7/31/2019 8:00,0,1
7/31/2019 9:00,0,0
7/31/2019 10:00,0,0
7/31/2019 11:00,0,0
7/31/2019 12:00,0,0
7/31/2019 13:00,0,0
7/31/2019 14:00,0,0
7/31/2019 15:00,0,0
7/31/2019 16:00,0,0
7/31/2019 17:00,0,0
7/31/2019 18:00,0,0
7/31/2019 19:00,0,1
7/31/2019 20:00,0,1
7/31/2019 21:00,0,1
7/31/2019 22:00,0,1
7/31/2019 23:00,0,1
8/1/2019 0:00,0,1
8/1/2019 1:00,0,1
8/1/2019 2:00,0,1
8/1/2019 3:00,0,1
8/1/2019 4:00,0,0
8/1/2019 5:00,0,0
8/1/2019 6:00,0,1
8/1/2019 7:00,0,0
8/1/2019 8:00,0,0
8/1/2019 9:00,0,1
8/1/2019 10:00,0,0
8/1/2019 11:00,0,0
8/1/2019 12:00,0,0
8/1/2019 13:00,0,0
8/1/2019 14:00,0,1
8/1/2019 15:00,0,0
8/1/2019 16:00,0,0
8/1/2019 17:00,0,0
8/1/2019 18:00,0,1
8/1/2019 19:00,0,1
8/1/2019 20:00,0,0
8/1/2019 21:00,0,1
8/1/2019 22:00,0,1
8/1/2019 23:00,0,1
8/2/2019 0:00,0,0
8/2/2019 1:00,0,0
8/2/2019 2:00,0,0
8/2/2019 3:00,0,0
8/2/2019 4:00,0,0
8/2/2019 5:00,0,0
8/2/2019 6:00,0,0
8/2/2019 7:00,0,0
8/2/2019 8:00,0,0
8/2/2019 9:00,0,0
8/2/2019 10:00,0,0
8/2/2019 11:00,0,0
8/2/2019 12:00,0,0
8/2/2019 13:00,0,0
8/2/2019 14:00,0,0
8/2/2019 15:00,0,1
8/2/2019 16:00,0,0
8/2/2019 17:00,0,0
8/2/2019 18:00,0,1
8/2/2019 19:00,0,0
8/2/2019 20:00,0,0
8/2/2019 21:00,0,1
8/2/2019 22:00,0,1
8/2/2019 23:00,0,1
8/3/2019 0:00,0,0
8/3/2019 1:00,0,1
8/3/2019 2:00,0,1
8/3/2019 3:00,0,1
8/3/2019 4:00,0,0
8/3/2019 5:00,0,1
8/3/2019 6:00,0,1
8/3/2019 7:00,0,1
8/3/2019 8:00,0,0
8/3/2019 9:00,0,1
8/3/2019 10:00,0,1
8/3/2019 11:00,0,0
8/3/2019 12:00,0,1
8/3/2019 13:00,0,1
8/3/2019 14:00,0,1
8/3/2019 15:00,0,0
8/3/2019 16:00,0,0
8/3/2019 17:00,0,1
8/3/2019 18:00,0,0
8/3/2019 19:00,0,1
8/3/2019 20:00,0,1
8/3/2019 21:00,0,1
8/3/2019 22:00,0,1
8/3/2019 23:00,0,1
8/4/2019 0:00,0,1
8/4/2019 1:00,0,1
8/4/2019 2:00,0,1
8/4/2019 3:00,0,1
8/4/2019 4:00,0,0
8/4/2019 5:00,0,0
8/4/2019 6:00,0,0
8/4/2019 7:00,0,1
8/4/2019 8:00,0,0
8/4/2019 9:00,0,0
8/4/2019 10:00,0,0
8/4/2019 11:00,0,0
8/4/2019 12:00,0,0
8/4/2019 13:00,0,0
8/4/2019 14:00,0,1
8/4/2019 15:00,0,0
8/4/2019 16:00,0,0
8/4/2019 17:00,0,0
8/4/2019 18:00,0,0
8/4/2019 19:00,0,0
8/4/2019 20:00,0,0
8/4/2019 21:00,0,0
8/4/2019 22:00,0,0
8/4/2019 23:00,0,0
8/5/2019 0:00,0,0
8/5/2019 1:00,0,1
8/5/2019 2:00,0,0
8/5/2019 3:00,0,0
8/5/2019 4:00,0,1
8/5/2019 5:00,0,0
8/5/2019 6:00,0,0
8/5/2019 7:00,0,0
8/5/2019 8:00,0,0
8/5/2019 9:00,0,0
8/5/2019 10:00,0,0
8/5/2019 11:00,0,0
8/5/2019 12:00,0,0
8/5/2019 13:00,0,0
8/5/2019 14:00,0,0
8/5/2019 15:00,0,0
8/5/2019 16:00,0,0
8/5/2019 17:00,0,0
8/5/2019 18:00,0,0
8/5/2019 19:00,0,1
8/5/2019 20:00,0,1
8/5/2019 21:00,0,1
8/5/2019 22:00,0,1
8/5/2019 23:00,0,0
8/6/2019 0:00,0,0
8/6/2019 1:00,0,1
8/6/2019 2:00,0,0
8/6/2019 3:00,0,1
8/6/2019 4:00,0,0
8/6/2019 5:00,0,0
8/6/2019 6:00,0,0
8/6/2019 7:00,0,0
8/6/2019 8:00,0,0
8/6/2019 9:00,0,0
8/6/2019 10:00,0,0
8/6/2019 11:00,0,0
8/6/2019 12:00,0,0
8/6/2019 13:00,0,0
8/6/2019 14:00,0,0
8/6/2019 15:00,0,0
8/6/2019 16:00,0,0
8/6/2019 17:00,0,0
8/6/2019 18:00,0,0
8/6/2019 19:00,0,0
8/6/2019 20:00,0,0
8/6/2019 21:00,0,0
8/6/2019 22:00,0,0
8/6/2019 23:00,0,1
8/7/2019 0:00,0,0
8/7/2019 1:00,0,0
8/7/2019 2:00,0,0
8/7/2019 3:00,0,0
8/7/2019 4:00,0,0
8/7/2019 5:00,0,0
8/7/2019 6:00,0,0
8/7/2019 7:00,0,0
8/7/2019 8:00,0,1
8/7/2019 9:00,0,0
8/7/2019 10:00,0,0
8/7/2019 11:00,0,1
8/7/2019 12:00,0,1
8/7/2019 13:00,0,0
8/7/2019 14:00,0,0
8/7/2019 15:00,0,0
8/7/2019 16:00,0,0
8/7/2019 17:00,0,0
8/7/2019 18:00,0,0
8/7/2019 19:00,0,0
8/7/2019 20:00,0,1
8/7/2019 21:00,0,0
8/7/2019 22:00,0,1
8/7/2019 23:00,0,0
8/8/2019 0:00,0,0
8/8/2019 1:00,0,0
8/8/2019 2:00,0,0
8/8/2019 3:00,0,0
8/8/2019 4:00,0,0
8/8/2019 5:00,0,0
8/8/2019 6:00,0,1
8/8/2019 7:00,0,0
8/8/2019 8:00,0,0
8/8/2019 9:00,0,1
8/8/2019 10:00,0,0
8/8/2019 11:00,0,0
8/8/2019 12:00,0,0
8/8/2019 13:00,0,0
8/8/2019 14:00,0,0
8/8/2019 15:00,0,0
8/8/2019 16:00,0,0
8/8/2019 17:00,0,0
8/8/2019 18:00,0,1
8/8/2019 19:00,0,1
8/8/2019 20:00,0,0
8/8/2019 21:00,0,0
8/8/2019 22:00,0,0
8/8/2019 23:00,0,0
8/9/2019 0:00,0,0
8/9/2019 1:00,0,0
8/9/2019 2:00,0,0
8/9/2019 3:00,0,0
8/9/2019 4:00,0,0
8/9/2019 5:00,0,0
8/9/2019 6:00,0,0
8/9/2019 7:00,0,0
8/9/2019 8:00,0,0
8/9/2019 9:00,0,0
8/9/2019 10:00,0,0
8/9/2019 11:00,0,0
8/9/2019 12:00,0,0
8/9/2019 13:00,0,0
8/9/2019 14:00,0,0
8/9/2019 15:00,0,0
8/9/2019 16:00,0,0
8/9/2019 17:00,0,0
8/9/2019 18:00,0,0
8/9/2019 19:00,0,0
8/9/2019 20:00,0,0
8/9/2019 21:00,0,1
8/9/2019 22:00,0,1
8/9/2019 23:00,0,0
8/10/2019 0:00,0,0
8/10/2019 1:00,0,0
8/10/2019 2:00,0,0
8/10/2019 3:00,0,0
8/10/2019 4:00,0,0
8/10/2019 5:00,0,0
8/10/2019 6:00,0,0
8/10/2019 7:00,0,0
8/10/2019 8:00,0,0
8/10/2019 9:00,1,0
8/10/2019 10:00,0,0
8/10/2019 11:00,0,0
8/10/2019 12:00,0,0
8/10/2019 13:00,0,0
8/10/2019 14:00,0,0
8/10/2019 15:00,0,0
8/10/2019 16:00,0,0
8/10/2019 17:00,0,0
8/10/2019 18:00,0,0
8/10/2019 19:00,0,0
8/10/2019 20:00,0,0
8/10/2019 21:00,0,0
8/10/2019 22:00,0,0
8/10/2019 23:00,0,0
8/11/2019 0:00,0,0
8/11/2019 1:00,0,0
8/11/2019 2:00,0,0
8/11/2019 3:00,0,0
8/11/2019 4:00,0,0
8/11/2019 5:00,0,0
8/11/2019 6:00,0,0
8/11/2019 7:00,0,0
8/11/2019 8:00,0,0
8/11/2019 9:00,0,1
8/11/2019 10:00,0,0
8/11/2019 11:00,0,0
8/11/2019 12:00,0,0
8/11/2019 13:00,0,0
8/11/2019 14:00,0,0
8/11/2019 15:00,0,0
8/11/2019 16:00,0,0
8/11/2019 17:00,0,0
8/11/2019 18:00,0,0
8/11/2019 19:00,0,0
8/11/2019 20:00,0,0
8/11/2019 21:00,0,0
8/11/2019 22:00,0,0
8/11/2019 23:00,0,0
8/12/2019 0:00,0,1
8/12/2019 1:00,0,0
8/12/2019 2:00,0,0
8/12/2019 3:00,0,0
8/12/2019 4:00,0,0
8/12/2019 5:00,0,0
8/12/2019 6:00,0,0
8/12/2019 7:00,0,0
8/12/2019 8:00,0,0
8/12/2019 9:00,0,0
8/12/2019 10:00,0,0
8/12/2019 11:00,0,0
8/12/2019 12:00,0,0
8/12/2019 13:00,0,0
8/12/2019 14:00,0,0
8/12/2019 15:00,0,0
8/12/2019 16:00,0,0
8/12/2019 17:00,0,0
8/12/2019 18:00,0,1
8/12/2019 19:00,0,0
8/12/2019 20:00,0,1
8/12/2019 21:00,0,1
8/12/2019 22:00,0,0
8/12/2019 23:00,0,0
8/13/2019 0:00,0,1
8/13/2019 1:00,0,0
8/13/2019 2:00,0,0
8/13/2019 3:00,0,0
8/13/2019 4:00,0,0
8/13/2019 5:00,0,0
8/13/2019 6:00,0,0
8/13/2019 7:00,0,0
8/13/2019 8:00,0,0
8/13/2019 9:00,0,0
8/13/2019 10:00,0,0
8/13/2019 11:00,0,0
8/13/2019 12:00,0,0
8/13/2019 13:00,0,0
8/13/2019 14:00,0,0
8/13/2019 15:00,0,0
8/13/2019 16:00,0,0
8/13/2019 17:00,0,0
8/13/2019 18:00,0,0
8/13/2019 19:00,0,0
8/13/2019 20:00,0,0
8/13/2019 21:00,0,0
8/13/2019 22:00,0,0
8/13/2019 23:00,0,0
8/14/2019 0:00,0,0
8/14/2019 1:00,0,0
8/14/2019 2:00,0,0
8/14/2019 3:00,0,0
8/14/2019 4:00,0,0
8/14/2019 5:00,0,0
8/14/2019 6:00,0,0
8/14/2019 7:00,0,1
8/14/2019 8:00,0,1
8/14/2019 9:00,0,0
8/14/2019 10:00,1,0
8/14/2019 11:00,0,0
8/14/2019 12:00,0,0
8/14/2019 13:00,0,0
8/14/2019 14:00,0,0
8/14/2019 15:00,0,0
8/14/2019 16:00,0,0
8/14/2019 17:00,0,0
8/14/2019 18:00,0,0
8/14/2019 19:00,0,0
8/14/2019 20:00,0,0
8/14/2019 21:00,0,0
8/14/2019 22:00,0,0
8/14/2019 23:00,0,0
8/15/2019 0:00,0,0
8/15/2019 1:00,0,0
8/15/2019 2:00,0,0
8/15/2019 3:00,0,0
8/15/2019 4:00,0,0
8/15/2019 5:00,0,0
8/15/2019 6:00,0,0
8/15/2019 7:00,0,0
8/15/2019 8:00,0,0
8/15/2019 9:00,0,0
8/15/2019 10:00,0,0
8/15/2019 11:00,0,0
8/15/2019 12:00,0,0
8/15/2019 13:00,0,0
8/15/2019 14:00,0,0
8/15/2019 15:00,0,0
8/15/2019 16:00,0,0
8/15/2019 17:00,0,0
8/15/2019 18:00,0,0
8/15/2019 19:00,0,0
8/15/2019 20:00,0,0
8/15/2019 21:00,0,0
8/15/2019 22:00,0,0
8/15/2019 23:00,0,0
8/16/2019 0:00,0,0
8/16/2019 1:00,0,0
8/16/2019 2:00,0,0
8/16/2019 3:00,0,0
8/16/2019 4:00,0,0
8/16/2019 5:00,0,0
8/16/2019 6:00,0,0
8/16/2019 7:00,0,0
8/16/2019 8:00,0,0
8/16/2019 9:00,0,0
8/16/2019 10:00,0,0
8/16/2019 11:00,0,0
8/16/2019 12:00,0,0
8/16/2019 13:00,0,0
8/16/2019 14:00,0,0
8/16/2019 15:00,0,0
8/16/2019 16:00,0,0
8/16/2019 17:00,0,0
8/16/2019 18:00,0,0
8/16/2019 19:00,0,0
8/16/2019 20:00,0,0
8/16/2019 21:00,0,0
8/16/2019 22:00,0,0
8/16/2019 23:00,0,0
8/17/2019 0:00,0,0
8/17/2019 1:00,0,0
8/17/2019 2:00,0,0
8/17/2019 3:00,0,0
8/17/2019 4:00,0,0
8/17/2019 5:00,0,0
8/17/2019 6:00,0,0
8/17/2019 7:00,0,0
8/17/2019 8:00,0,0
8/17/2019 9:00,0,0
8/17/2019 10:00,0,0
8/17/2019 11:00,0,0
8/17/2019 12:00,0,0
8/17/2019 13:00,0,0
8/17/2019 14:00,0,0
8/17/2019 15:00,0,0
8/17/2019 16:00,0,0
8/17/2019 17:00,0,0
8/17/2019 18:00,0,0
8/17/2019 19:00,0,0
8/17/2019 20:00,0,0
8/17/2019 21:00,0,0
8/17/2019 22:00,0,0
8/17/2019 23:00,0,0
8/18/2019 0:00,0,0
8/18/2019 1:00,0,0
8/18/2019 2:00,0,0
8/18/2019 3:00,0,0
8/18/2019 4:00,0,0
8/18/2019 5:00,0,0
8/18/2019 6:00,0,0
8/18/2019 7:00,0,0
8/18/2019 8:00,0,0
8/18/2019 9:00,0,0
8/18/2019 10:00,0,0
8/18/2019 11:00,0,0
8/18/2019 12:00,0,0
8/18/2019 13:00,0,0
8/18/2019 14:00,0,0
8/18/2019 15:00,0,0
8/18/2019 16:00,0,0
8/18/2019 17:00,0,0
8/18/2019 18:00,0,0
8/18/2019 19:00,0,0
8/18/2019 20:00,0,0
8/18/2019 21:00,0,0
8/18/2019 22:00,0,0
8/18/2019 23:00,0,0
8/19/2019 0:00,0,0
8/19/2019 1:00,0,0
8/19/2019 2:00,0,0
8/19/2019 3:00,0,0
8/19/2019 4:00,0,0
8/19/2019 5:00,0,0
8/19/2019 6:00,0,0
8/19/2019 7:00,0,0
8/19/2019 8:00,0,0
8/19/2019 9:00,0,0
8/19/2019 10:00,0,0
8/19/2019 11:00,0,0
8/19/2019 12:00,0,0
8/19/2019 13:00,0,0
8/19/2019 14:00,0,0
8/19/2019 15:00,0,0
8/19/2019 16:00,0,0
8/19/2019 17:00,0,0
8/19/2019 18:00,0,0
8/19/2019 19:00,0,0
8/19/2019 20:00,0,0
8/19/2019 21:00,0,0
8/19/2019 22:00,0,0
8/19/2019 23:00,0,0
8/20/2019 0:00,0,0
8/20/2019 1:00,0,0
8/20/2019 2:00,0,0
8/20/2019 3:00,0,0
8/20/2019 4:00,0,0
8/20/2019 5:00,0,0
8/20/2019 6:00,0,0
8/20/2019 7:00,0,0
8/20/2019 8:00,0,0
8/20/2019 9:00,0,0
8/20/2019 10:00,0,0
8/20/2019 11:00,0,0
8/20/2019 12:00,0,0
8/20/2019 13:00,0,0
8/20/2019 14:00,0,0
8/20/2019 15:00,0,0
8/20/2019 16:00,0,0
8/20/2019 17:00,0,0
8/20/2019 18:00,0,0
8/20/2019 19:00,0,0
8/20/2019 20:00,0,0
8/20/2019 21:00,0,0
8/20/2019 22:00,0,0
8/20/2019 23:00,0,0
8/21/2019 0:00,0,0
8/21/2019 1:00,0,0
8/21/2019 2:00,0,0
8/21/2019 3:00,0,0
8/21/2019 4:00,0,0
8/21/2019 5:00,0,0
8/21/2019 6:00,0,0
8/21/2019 7:00,0,0
8/21/2019 8:00,0,0
8/21/2019 9:00,0,0
8/21/2019 10:00,0,0
8/21/2019 11:00,0,0
8/21/2019 12:00,0,0
8/21/2019 13:00,0,0
8/21/2019 14:00,0,0
8/21/2019 15:00,0,0
8/21/2019 16:00,0,0
8/21/2019 17:00,0,0
8/21/2019 18:00,0,0
8/21/2019 19:00,0,0
8/21/2019 20:00,0,0
8/21/2019 21:00,0,0
8/21/2019 22:00,0,0
8/21/2019 23:00,0,0
8/22/2019 0:00,0,0
8/22/2019 1:00,0,0
8/22/2019 2:00,0,0
8/22/2019 3:00,0,0
8/22/2019 4:00,0,0
8/22/2019 5:00,0,0
8/22/2019 6:00,0,0
8/22/2019 7:00,0,0
8/22/2019 8:00,0,0
8/22/2019 9:00,0,0
8/22/2019 10:00,0,0
8/22/2019 11:00,0,0
8/22/2019 12:00,0,0
8/22/2019 13:00,0,0
8/22/2019 14:00,0,0
8/22/2019 15:00,0,0
8/22/2019 16:00,0,0
8/22/2019 17:00,0,0
8/22/2019 18:00,0,0
8/22/2019 19:00,0,0
8/22/2019 20:00,0,0
8/22/2019 21:00,0,0
8/22/2019 22:00,0,0
8/22/2019 23:00,0,0
8/23/2019 0:00,0,0
8/23/2019 1:00,0,0
8/23/2019 2:00,0,0
8/23/2019 3:00,0,0
8/23/2019 4:00,0,0
8/23/2019 5:00,0,0
8/23/2019 6:00,0,0
8/23/2019 7:00,0,0
8/23/2019 8:00,0,0
8/23/2019 9:00,0,0
8/23/2019 10:00,0,0
8/23/2019 11:00,0,0
8/23/2019 12:00,0,0
8/23/2019 13:00,0,0
8/23/2019 14:00,0,0
8/23/2019 15:00,0,0
8/23/2019 16:00,0,0
8/23/2019 17:00,0,0
8/23/2019 18:00,0,0
8/23/2019 19:00,0,0
8/23/2019 20:00,0,0
8/23/2019 21:00,0,0
8/23/2019 22:00,0,0
8/23/2019 23:00,0,0
8/24/2019 0:00,0,0
8/24/2019 1:00,0,0
8/24/2019 2:00,0,0
8/24/2019 3:00,0,0
8/24/2019 4:00,0,0
8/24/2019 5:00,0,0
8/24/2019 6:00,0,0
8/24/2019 7:00,0,0
8/24/2019 8:00,0,0
8/24/2019 9:00,0,0
8/24/2019 10:00,0,0
8/24/2019 11:00,0,0
8/24/2019 12:00,0,0
8/24/2019 13:00,0,0
8/24/2019 14:00,0,0
8/24/2019 15:00,0,0
8/24/2019 16:00,0,0
8/24/2019 17:00,0,0
