"Input file","Event Number","Species Code","Call","Start time","End time","Parameter 1","Parameter 2","Parameter 3","Parameter 4","Parameter 5","Parameter 6","Comments","Image","Audio"
"J:\MB02_12\MB02_12_df24\LTSA_MB02_12_df24_5s_1Hz.ltsa","8/12/2024 13:32","UF","Other","2/4/2023 0:42:38","2/4/2023 14:08:52",NA,NA,NA,NA,NA,NA,"UF310",NA,NA
"J:\MB02_12\MB02_12_df24\LTSA_MB02_12_df24_5s_1Hz.ltsa","8/12/2024 13:33","UF","Other","2/5/2023 0:04:40","2/5/2023 11:18:09",NA,NA,NA,NA,NA,NA,"UF310",NA,NA
"J:\MB02_12\MB02_12_df24\LTSA_MB02_12_df24_5s_1Hz.ltsa","8/12/2024 13:33","UF","Other","2/6/2023 0:31:14","2/6/2023 13:55:33",NA,NA,NA,NA,NA,NA,"UF310",NA,NA
"J:\MB02_12\MB02_12_df24\LTSA_MB02_12_df24_5s_1Hz.ltsa","8/12/2024 13:33","UF","Other","2/7/2023 0:14:12","2/7/2023 10:36:30",NA,NA,NA,NA,NA,NA,"UF310",NA,NA
"J:\MB02_12\MB02_12_df24\LTSA_MB02_12_df24_5s_1Hz.ltsa","8/12/2024 13:34","UF","Other","2/8/2023 0:38:52","2/8/2023 14:24:07",NA,NA,NA,NA,NA,NA,"UF310",NA,NA
"J:\MB02_12\MB02_12_df24\LTSA_MB02_12_df24_5s_1Hz.ltsa","8/12/2024 13:34","UF","Other","2/9/2023 0:38:51","2/9/2023 14:31:41",NA,NA,NA,NA,NA,NA,"UF310",NA,NA
"J:\MB02_12\MB02_12_df24\LTSA_MB02_12_df24_5s_1Hz.ltsa","8/12/2024 13:35","UF","Other","2/10/2023 0:35:06","2/10/2023 13:51:50",NA,NA,NA,NA,NA,NA,"UF310",NA,NA
"J:\MB02_12\MB02_12_df24\LTSA_MB02_12_df24_5s_1Hz.ltsa","8/12/2024 13:36","UF","Other","2/11/2023 0:29:20","2/11/2023 14:33:35",NA,NA,NA,NA,NA,NA,"UF310",NA,NA
"J:\MB02_12\MB02_12_df24\LTSA_MB02_12_df24_5s_1Hz.ltsa","8/12/2024 13:37","UF","Other","2/12/2023 22:56:15","2/13/2023 14:18:21",NA,NA,NA,NA,NA,NA,"UF310",NA,NA
"J:\MB02_12\MB02_12_df24\LTSA_MB02_12_df24_5s_1Hz.ltsa","8/12/2024 13:37","UF","Other","2/13/2023 22:48:44","2/14/2023 14:24:05",NA,NA,NA,NA,NA,NA,"UF310",NA,NA
"J:\MB02_12\MB02_12_df24\LTSA_MB02_12_df24_5s_1Hz.ltsa","8/12/2024 13:37","UF","Other","2/14/2023 22:25:57","2/15/2023 13:42:18",NA,NA,NA,NA,NA,NA,"UF310",NA,NA
"J:\MB02_12\MB02_12_df24\LTSA_MB02_12_df24_5s_1Hz.ltsa","8/12/2024 13:37","UF","Other","2/15/2023 21:27:05","2/16/2023 13:12:02",NA,NA,NA,NA,NA,NA,"UF310",NA,NA
"J:\MB02_12\MB02_12_df24\LTSA_MB02_12_df24_5s_1Hz.ltsa","8/12/2024 13:38","UF","Other","2/16/2023 23:22:51","2/17/2023 14:14:36",NA,NA,NA,NA,NA,NA,"UF310",NA,NA
"J:\MB02_12\MB02_12_df24\LTSA_MB02_12_df24_5s_1Hz.ltsa","8/12/2024 13:38","UF","Other","2/18/2023 0:10:25","2/18/2023 14:20:14",NA,NA,NA,NA,NA,NA,"UF310",NA,NA
"J:\MB02_12\MB02_12_df24\LTSA_MB02_12_df24_5s_1Hz.ltsa","8/12/2024 13:38","UF","Other","2/18/2023 23:07:32","2/19/2023 14:03:10",NA,NA,NA,NA,NA,NA,"UF310",NA,NA
"J:\MB02_12\MB02_12_df24\LTSA_MB02_12_df24_5s_1Hz.ltsa","8/12/2024 13:41","UF","Other","2/20/2023 1:41:28","2/20/2023 14:31:36",NA,NA,NA,NA,NA,NA,"UF310",NA,NA
"J:\MB02_12\MB02_12_df24\LTSA_MB02_12_df24_5s_1Hz.ltsa","8/12/2024 13:41","UF","Other","2/21/2023 1:39:35","2/21/2023 14:48:44",NA,NA,NA,NA,NA,NA,"UF310",NA,NA
"J:\MB02_12\MB02_12_df24\LTSA_MB02_12_df24_5s_1Hz.ltsa","8/12/2024 13:41","UF","Other","2/22/2023 1:49:04","2/22/2023 10:25:02",NA,NA,NA,NA,NA,NA,"UF310",NA,NA
"J:\MB02_12\MB02_12_df24\LTSA_MB02_12_df24_5s_1Hz.ltsa","8/12/2024 13:42","UF","Other","2/22/2023 20:26:22","2/23/2023 13:11:59",NA,NA,NA,NA,NA,NA,"UF310",NA,NA
"J:\MB02_12\MB02_12_df24\LTSA_MB02_12_df24_5s_1Hz.ltsa","8/12/2024 13:42","UF","Other","2/23/2023 20:47:16","2/24/2023 12:43:26",NA,NA,NA,NA,NA,NA,"UF310",NA,NA
"J:\MB02_12\MB02_12_df24\LTSA_MB02_12_df24_5s_1Hz.ltsa","8/12/2024 13:42","UF","Other","2/25/2023 0:21:45","2/25/2023 13:25:13",NA,NA,NA,NA,NA,NA,"UF310",NA,NA
"J:\MB02_12\MB02_12_df24\LTSA_MB02_12_df24_5s_1Hz.ltsa","8/12/2024 13:42","UF","Other","2/26/2023 0:46:27","2/26/2023 14:01:21",NA,NA,NA,NA,NA,NA,"UF310",NA,NA
"J:\MB02_12\MB02_12_df24\LTSA_MB02_12_df24_5s_1Hz.ltsa","8/12/2024 13:43","UF","Other","2/27/2023 2:00:24","2/27/2023 13:47:57",NA,NA,NA,NA,NA,NA,"UF310",NA,NA
"J:\MB02_12\MB02_12_df24\LTSA_MB02_12_df24_5s_1Hz.ltsa","8/12/2024 13:43","UF","Other","2/28/2023 1:47:10","2/28/2023 13:53:45",NA,NA,NA,NA,NA,NA,"UF310",NA,NA
"J:\MB02_12\MB02_12_df24\LTSA_MB02_12_df24_5s_1Hz.ltsa","8/12/2024 13:43","UF","Other","2/28/2023 21:55:32","3/1/2023 12:41:33",NA,NA,NA,NA,NA,NA,"UF310",NA,NA
"J:\MB02_12\MB02_12_df24\LTSA_MB02_12_df24_5s_1Hz.ltsa","8/12/2024 13:44","UF","Other","3/1/2023 22:48:41","3/2/2023 11:31:22",NA,NA,NA,NA,NA,NA,"UF310",NA,NA
"J:\MB02_12\MB02_12_df24\LTSA_MB02_12_df24_5s_1Hz.ltsa","8/12/2024 13:44","UF","Other","3/2/2023 19:25:39","3/3/2023 14:07:00",NA,NA,NA,NA,NA,NA,"UF310",NA,NA
"J:\MB02_12\MB02_12_df24\LTSA_MB02_12_df24_5s_1Hz.ltsa","8/12/2024 13:44","UF","Other","3/3/2023 21:55:32","3/4/2023 9:35:41",NA,NA,NA,NA,NA,NA,"UF310",NA,NA
"J:\MB02_12\MB02_12_df24\LTSA_MB02_12_df24_5s_1Hz.ltsa","8/12/2024 13:44","UF","Other","3/4/2023 20:32:07","3/5/2023 10:19:21",NA,NA,NA,NA,NA,NA,"UF310",NA,NA
"J:\MB02_12\MB02_12_df24\LTSA_MB02_12_df24_5s_1Hz.ltsa","8/12/2024 13:45","UF","Other","3/5/2023 21:34:40","3/6/2023 13:46:06",NA,NA,NA,NA,NA,NA,"UF310",NA,NA
"J:\MB02_12\MB02_12_df24\LTSA_MB02_12_df24_5s_1Hz.ltsa","8/12/2024 13:46","UF","Other","3/6/2023 21:30:53","3/7/2023 14:20:14",NA,NA,NA,NA,NA,NA,"UF310",NA,NA
"J:\MB02_12\MB02_12_df24\LTSA_MB02_12_df24_5s_1Hz.ltsa","8/12/2024 13:46","UF","Other","3/7/2023 21:17:35","3/8/2023 14:12:37",NA,NA,NA,NA,NA,NA,"UF310",NA,NA
"J:\MB02_12\MB02_12_df24\LTSA_MB02_12_df24_5s_1Hz.ltsa","8/12/2024 13:48","UF","Other","3/8/2023 21:06:09","3/9/2023 14:08:55",NA,NA,NA,NA,NA,NA,"UF310",NA,NA
"J:\MB02_12\MB02_12_df24\LTSA_MB02_12_df24_5s_1Hz.ltsa","8/12/2024 13:48","UF","Other","3/9/2023 21:46:02","3/10/2023 13:59:24",NA,NA,NA,NA,NA,NA,"UF310",NA,NA
"J:\MB02_12\MB02_12_df24\LTSA_MB02_12_df24_5s_1Hz.ltsa","8/12/2024 13:49","UF","Other","3/10/2023 21:42:16","3/11/2023 12:18:48",NA,NA,NA,NA,NA,NA,"UF310",NA,NA
"J:\MB02_12\MB02_12_df24\LTSA_MB02_12_df24_5s_1Hz.ltsa","8/12/2024 13:49","UF","Other","3/11/2023 21:59:21","3/12/2023 9:28:05",NA,NA,NA,NA,NA,NA,"UF310",NA,NA
"J:\MB02_12\MB02_12_df24\LTSA_MB02_12_df24_5s_1Hz.ltsa","8/12/2024 13:57","UF","Other","3/12/2023 7:48:15","3/12/2023 13:53:42",NA,NA,NA,NA,NA,NA,"Bocaccio",NA,NA
"J:\MB02_12\MB02_12_df24\LTSA_MB02_12_df24_5s_1Hz.ltsa","8/12/2024 13:57","UF","Other","3/13/2023 2:12:30","3/13/2023 7:29:16",NA,NA,NA,NA,NA,NA,"UF310",NA,NA
"J:\MB02_12\MB02_12_df24\LTSA_MB02_12_df24_5s_1Hz.ltsa","8/12/2024 13:57","UF","Other","3/13/2023 22:11:25","3/14/2023 11:26:21",NA,NA,NA,NA,NA,NA,"UF310",NA,NA
"J:\MB02_12\MB02_12_df24\LTSA_MB02_12_df24_5s_1Hz.ltsa","8/12/2024 13:59","UF","Other","3/14/2023 19:20:38","3/15/2023 8:35:41",NA,NA,NA,NA,NA,NA,"UF310",NA,NA
"J:\MB02_12\MB02_12_df24\LTSA_MB02_12_df24_5s_1Hz.ltsa","8/12/2024 13:59","UF","Other","3/15/2023 20:23:14","3/16/2023 7:55:53",NA,NA,NA,NA,NA,NA,"UF310",NA,NA
"J:\MB02_12\MB02_12_df24\LTSA_MB02_12_df24_5s_1Hz.ltsa","8/12/2024 14:00","UF","Other","3/17/2023 1:13:45","3/17/2023 5:01:22",NA,NA,NA,NA,NA,NA,"UF310",NA,NA
"J:\MB02_12\MB02_12_df24\LTSA_MB02_12_df24_5s_1Hz.ltsa","8/12/2024 14:00","UF","Other","3/17/2023 23:42:42","3/18/2023 6:51:24",NA,NA,NA,NA,NA,NA,"UF310",NA,NA
"J:\MB02_12\MB02_12_df24\LTSA_MB02_12_df24_5s_1Hz.ltsa","8/12/2024 14:00","UF","Other","3/19/2023 1:53:36","3/19/2023 8:07:18",NA,NA,NA,NA,NA,NA,"UF310",NA,NA
"J:\MB02_12\MB02_12_df24\LTSA_MB02_12_df24_5s_1Hz.ltsa","8/12/2024 14:00","UF","Other","3/19/2023 2:46:41","3/19/2023 13:48:45",NA,NA,NA,NA,NA,NA,"Bocaccio",NA,NA
"J:\MB02_12\MB02_12_df24\LTSA_MB02_12_df24_5s_1Hz.ltsa","8/12/2024 14:01","UF","Other","3/18/2023 9:30:44","3/18/2023 13:48:47",NA,NA,NA,NA,NA,NA,"Bocaccio",NA,NA
"J:\MB02_12\MB02_12_df24\LTSA_MB02_12_df24_5s_1Hz.ltsa","8/12/2024 14:01","UF","Other","3/20/2023 2:48:33","3/20/2023 13:37:18",NA,NA,NA,NA,NA,NA,"Bocaccio",NA,NA
"J:\MB02_12\MB02_12_df24\LTSA_MB02_12_df24_5s_1Hz.ltsa","8/12/2024 14:06","UF","Other","3/20/2023 1:07:58","3/20/2023 6:55:10",NA,NA,NA,NA,NA,NA,"UF310",NA,NA
"J:\MB02_12\MB02_12_df24\LTSA_MB02_12_df24_5s_1Hz.ltsa","8/12/2024 14:06","UF","Other","3/21/2023 1:36:17","3/21/2023 9:51:25",NA,NA,NA,NA,NA,NA,"UF310",NA,NA
"J:\MB02_12\MB02_12_df24\LTSA_MB02_12_df24_5s_1Hz.ltsa","8/12/2024 14:06","UF","Other","3/22/2023 0:22:09","3/22/2023 8:31:36",NA,NA,NA,NA,NA,NA,"UF310",NA,NA
"J:\MB02_12\MB02_12_df24\LTSA_MB02_12_df24_5s_1Hz.ltsa","8/12/2024 14:07","UF","Other","3/22/2023 8:40:21","3/22/2023 13:28:43",NA,NA,NA,NA,NA,NA,"Bocaccio",NA,NA
"J:\MB02_12\MB02_12_df24\LTSA_MB02_12_df24_5s_1Hz.ltsa","8/12/2024 14:08","UF","Other","3/22/2023 20:05:15","3/23/2023 13:17:11",NA,NA,NA,NA,NA,NA,"UF310",NA,NA
"J:\MB02_12\MB02_12_df24\LTSA_MB02_12_df24_5s_1Hz.ltsa","8/12/2024 14:08","UF","Other","3/23/2023 17:56:19","3/24/2023 9:22:04",NA,NA,NA,NA,NA,NA,"UF310",NA,NA
"J:\MB02_12\MB02_12_df24\LTSA_MB02_12_df24_5s_1Hz.ltsa","8/12/2024 14:08","UF","Other","3/24/2023 16:19:26","3/25/2023 13:02:04",NA,NA,NA,NA,NA,NA,"UF310",NA,NA
"J:\MB02_12\MB02_12_df24\LTSA_MB02_12_df24_5s_1Hz.ltsa","8/12/2024 14:08","UF","Other","3/25/2023 16:21:24","3/26/2023 12:16:32",NA,NA,NA,NA,NA,NA,"UF310",NA,NA
"J:\MB02_12\MB02_12_df24\LTSA_MB02_12_df24_5s_1Hz.ltsa","8/12/2024 14:08","UF","Other","3/26/2023 16:29:07","3/27/2023 12:43:03",NA,NA,NA,NA,NA,NA,"UF310",NA,NA
"J:\MB02_12\MB02_12_df24\LTSA_MB02_12_df24_5s_1Hz.ltsa","8/12/2024 14:08","UF","Other","3/27/2023 18:15:10","3/28/2023 13:28:36",NA,NA,NA,NA,NA,NA,"UF310",NA,NA
"J:\MB02_12\MB02_12_df24\LTSA_MB02_12_df24_5s_1Hz.ltsa","8/12/2024 14:09","UF","Other","3/28/2023 20:01:27","3/29/2023 12:08:53",NA,NA,NA,NA,NA,NA,"UF310",NA,NA
"J:\MB02_12\MB02_12_df24\LTSA_MB02_12_df24_5s_1Hz.ltsa","8/12/2024 14:09","UF","Other","3/30/2023 19:23:32","3/31/2023 13:09:37",NA,NA,NA,NA,NA,NA,"UF310",NA,NA
"J:\MB02_12\MB02_12_df24\LTSA_MB02_12_df24_5s_1Hz.ltsa","8/12/2024 14:09","UF","Other","3/31/2023 21:47:39","4/1/2023 13:13:26",NA,NA,NA,NA,NA,NA,"UF310",NA,NA
"J:\MB02_12\MB02_12_df24\LTSA_MB02_12_df24_5s_1Hz.ltsa","8/12/2024 14:09","UF","Other","4/2/2023 0:30:50","4/2/2023 13:09:39",NA,NA,NA,NA,NA,NA,"UF310",NA,NA
"J:\MB02_12\MB02_12_df24\LTSA_MB02_12_df24_5s_1Hz.ltsa","8/12/2024 14:09","UF","Other","4/3/2023 1:04:59","4/3/2023 14:02:43",NA,NA,NA,NA,NA,NA,"UF310",NA,NA
"J:\MB02_12\MB02_12_df24\LTSA_MB02_12_df24_5s_1Hz.ltsa","8/12/2024 14:10","UF","Other","4/3/2023 18:11:25","4/4/2023 13:09:35",NA,NA,NA,NA,NA,NA,"UF310",NA,NA
"J:\MB02_12\MB02_12_df24\LTSA_MB02_12_df24_5s_1Hz.ltsa","8/12/2024 14:10","UF","Other","4/4/2023 17:25:56","4/5/2023 13:36:10",NA,NA,NA,NA,NA,NA,"UF310",NA,NA
"J:\MB02_12\MB02_12_df24\LTSA_MB02_12_df24_5s_1Hz.ltsa","8/12/2024 14:10","UF","Other","4/5/2023 19:34:51","4/6/2023 13:17:06",NA,NA,NA,NA,NA,NA,"UF310",NA,NA
"J:\MB02_12\MB02_12_df24\LTSA_MB02_12_df24_5s_1Hz.ltsa","8/12/2024 14:10","UF","Other","4/7/2023 0:11:49","4/7/2023 13:17:07",NA,NA,NA,NA,NA,NA,"UF310",NA,NA
"J:\MB02_12\MB02_12_df24\LTSA_MB02_12_df24_5s_1Hz.ltsa","8/12/2024 14:10","UF","Other","4/8/2023 1:20:05","4/8/2023 13:09:34",NA,NA,NA,NA,NA,NA,"UF310",NA,NA
"J:\MB02_12\MB02_12_df24\LTSA_MB02_12_df24_5s_1Hz.ltsa","8/12/2024 14:10","UF","Other","4/8/2023 22:40:51","4/9/2023 13:21:01",NA,NA,NA,NA,NA,NA,"UF310",NA,NA
"J:\MB02_12\MB02_12_df24\LTSA_MB02_12_df24_5s_1Hz.ltsa","8/12/2024 14:12","UF","Other","4/10/2023 0:30:44","4/10/2023 13:13:23",NA,NA,NA,NA,NA,NA,"UF310",NA,NA
"J:\MB02_12\MB02_12_df24\LTSA_MB02_12_df24_5s_1Hz.ltsa","8/12/2024 14:12","UF","Other","4/10/2023 21:02:09","4/11/2023 13:17:10",NA,NA,NA,NA,NA,NA,"UF310",NA,NA
"J:\MB02_12\MB02_12_df24\LTSA_MB02_12_df24_5s_1Hz.ltsa","8/12/2024 14:12","UF","Other","4/11/2023 22:59:44","4/12/2023 13:28:37",NA,NA,NA,NA,NA,NA,"UF310",NA,NA
"J:\MB02_12\MB02_12_df24\LTSA_MB02_12_df24_5s_1Hz.ltsa","8/12/2024 14:12","UF","Other","4/12/2023 18:37:59","4/13/2023 12:54:24",NA,NA,NA,NA,NA,NA,"UF310",NA,NA
"J:\MB02_12\MB02_12_df24\LTSA_MB02_12_df24_5s_1Hz.ltsa","8/12/2024 14:13","UF","Other","4/13/2023 19:31:06","4/14/2023 13:13:28",NA,NA,NA,NA,NA,NA,"UF310",NA,NA
"J:\MB02_12\MB02_12_df24\LTSA_MB02_12_df24_5s_1Hz.ltsa","8/12/2024 14:13","UF","Other","4/14/2023 22:21:50","4/15/2023 13:13:26",NA,NA,NA,NA,NA,NA,"UF310",NA,NA
"J:\MB02_12\MB02_12_df24\LTSA_MB02_12_df24_5s_1Hz.ltsa","8/12/2024 14:13","UF","Other","4/16/2023 0:57:25","4/16/2023 13:28:40",NA,NA,NA,NA,NA,NA,"UF310",NA,NA
"J:\MB02_12\MB02_12_df24\LTSA_MB02_12_df24_5s_1Hz.ltsa","8/12/2024 14:13","UF","Other","4/17/2023 1:04:59","4/17/2023 12:54:27",NA,NA,NA,NA,NA,NA,"UF310",NA,NA
"J:\MB02_12\MB02_12_df24\LTSA_MB02_12_df24_5s_1Hz.ltsa","8/12/2024 14:14","UF","Other","4/18/2023 0:34:36","4/18/2023 13:17:10",NA,NA,NA,NA,NA,NA,"UF310",NA,NA
"J:\MB02_12\MB02_12_df24\LTSA_MB02_12_df24_5s_1Hz.ltsa","8/12/2024 14:14","UF","Other","4/18/2023 23:37:44","4/19/2023 12:31:43",NA,NA,NA,NA,NA,NA,"UF310",NA,NA
"J:\MB02_12\MB02_12_df24\LTSA_MB02_12_df24_5s_1Hz.ltsa","8/12/2024 14:14","UF","Other","4/19/2023 20:09:00","4/20/2023 12:50:35",NA,NA,NA,NA,NA,NA,"UF310",NA,NA
"J:\MB02_12\MB02_12_df24\LTSA_MB02_12_df24_5s_1Hz.ltsa","8/12/2024 14:14","UF","Other","4/20/2023 21:40:07","4/21/2023 13:13:29",NA,NA,NA,NA,NA,NA,"UF310",NA,NA
"J:\MB02_12\MB02_12_df24\LTSA_MB02_12_df24_5s_1Hz.ltsa","8/12/2024 14:14","UF","Other","4/21/2023 22:29:26","4/22/2023 12:43:01",NA,NA,NA,NA,NA,NA,"UF310",NA,NA
"J:\MB02_12\MB02_12_df24\LTSA_MB02_12_df24_5s_1Hz.ltsa","8/12/2024 14:14","UF","Other","4/22/2023 19:04:28","4/23/2023 13:09:35",NA,NA,NA,NA,NA,NA,"UF310",NA,NA
"J:\MB02_12\MB02_12_df24\LTSA_MB02_12_df24_5s_1Hz.ltsa","8/12/2024 14:14","UF","Other","4/23/2023 22:14:18","4/24/2023 12:31:45",NA,NA,NA,NA,NA,NA,"UF310",NA,NA
"J:\MB02_12\MB02_12_df24\LTSA_MB02_12_df24_5s_1Hz.ltsa","8/12/2024 14:15","UF","Other","4/25/2023 1:16:25","4/25/2023 11:53:45",NA,NA,NA,NA,NA,NA,"UF310",NA,NA
"J:\MB02_12\MB02_12_df24\LTSA_MB02_12_df24_5s_1Hz.ltsa","8/12/2024 14:15","UF","Other","4/25/2023 21:36:22","4/26/2023 13:02:03",NA,NA,NA,NA,NA,NA,"UF310",NA,NA
"J:\MB02_12\MB02_12_df24\LTSA_MB02_12_df24_5s_1Hz.ltsa","8/12/2024 14:15","UF","Other","4/26/2023 23:41:27","4/27/2023 12:12:41",NA,NA,NA,NA,NA,NA,"UF310",NA,NA
"J:\MB02_12\MB02_12_df24\LTSA_MB02_12_df24_5s_1Hz.ltsa","8/12/2024 14:15","UF","Other","4/27/2023 23:56:45","4/28/2023 12:05:10",NA,NA,NA,NA,NA,NA,"UF310",NA,NA
"J:\MB02_12\MB02_12_df24\LTSA_MB02_12_df24_5s_1Hz.ltsa","8/12/2024 14:15","UF","Other","4/28/2023 21:55:17","4/29/2023 12:27:53",NA,NA,NA,NA,NA,NA,"UF310",NA,NA
"J:\MB02_12\MB02_12_df24\LTSA_MB02_12_df24_5s_1Hz.ltsa","8/12/2024 14:15","UF","Other","4/30/2023 0:04:18","4/30/2023 12:54:27",NA,NA,NA,NA,NA,NA,"UF310",NA,NA
"J:\MB02_12\MB02_12_df24\LTSA_MB02_12_df24_5s_1Hz.ltsa","8/12/2024 14:16","UF","Other","4/30/2023 22:59:41","5/1/2023 12:27:50",NA,NA,NA,NA,NA,NA,"UF310",NA,NA
"J:\MB02_12\MB02_12_df24\LTSA_MB02_12_df24_5s_1Hz.ltsa","8/12/2024 14:16","UF","Other","5/1/2023 20:31:52","5/2/2023 9:25:51",NA,NA,NA,NA,NA,NA,"UF310",NA,NA
"J:\MB02_12\MB02_12_df24\LTSA_MB02_12_df24_5s_1Hz.ltsa","8/12/2024 14:17","UF","Other","5/2/2023 19:27:20","5/3/2023 9:14:24",NA,NA,NA,NA,NA,NA,"UF310",NA,NA
"J:\MB02_12\MB02_12_df24\LTSA_MB02_12_df24_5s_1Hz.ltsa","8/12/2024 14:19","UF","Other","5/4/2023 1:35:21","5/4/2023 10:34:08",NA,NA,NA,NA,NA,NA,"UF310",NA,NA
"J:\MB02_12\MB02_12_df24\LTSA_MB02_12_df24_5s_1Hz.ltsa","8/12/2024 14:19","UF","Other","5/4/2023 1:39:11","5/4/2023 12:39:20",NA,NA,NA,NA,NA,NA,"Bocaccio",NA,NA
"J:\MB02_12\MB02_12_df24\LTSA_MB02_12_df24_5s_1Hz.ltsa","8/12/2024 14:19","UF","Other","5/5/2023 5:53:20","5/5/2023 10:34:05",NA,NA,NA,NA,NA,NA,"UF310",NA,NA
"J:\MB02_12\MB02_12_df24\LTSA_MB02_12_df24_5s_1Hz.ltsa","8/12/2024 14:19","UF","Other","5/5/2023 3:06:23","5/5/2023 12:39:17",NA,NA,NA,NA,NA,NA,"Bocaccio",NA,NA
"J:\MB02_12\MB02_12_df24\LTSA_MB02_12_df24_5s_1Hz.ltsa","8/12/2024 14:19","UF","Other","5/5/2023 23:45:16","5/6/2023 9:56:08",NA,NA,NA,NA,NA,NA,"UF310",NA,NA
"J:\MB02_12\MB02_12_df24\LTSA_MB02_12_df24_5s_1Hz.ltsa","8/12/2024 14:19","UF","Other","5/6/2023 2:09:26","5/6/2023 12:27:50",NA,NA,NA,NA,NA,NA,"Bocaccio",NA,NA
"J:\MB02_12\MB02_12_df24\LTSA_MB02_12_df24_5s_1Hz.ltsa","8/12/2024 14:19","UF","Other","5/7/2023 2:36:03","5/7/2023 7:01:34",NA,NA,NA,NA,NA,NA,"UF310",NA,NA
"J:\MB02_12\MB02_12_df24\LTSA_MB02_12_df24_5s_1Hz.ltsa","8/12/2024 14:20","UF","Other","5/7/2023 2:39:48","5/7/2023 12:35:26",NA,NA,NA,NA,NA,NA,"Bocaccio",NA,NA
"J:\MB02_12\MB02_12_df24\LTSA_MB02_12_df24_5s_1Hz.ltsa","8/12/2024 14:20","UF","Other","5/7/2023 2:56:13","5/7/2023 3:53:08",NA,NA,NA,NA,NA,NA,"Bocaccio sunset",NA,NA
"J:\MB02_12\MB02_12_df24\LTSA_MB02_12_df24_5s_1Hz.ltsa","8/12/2024 14:20","UF","Other","5/8/2023 2:54:15","5/8/2023 3:55:00",NA,NA,NA,NA,NA,NA,"Bocaccio sunset",NA,NA
"J:\MB02_12\MB02_12_df24\LTSA_MB02_12_df24_5s_1Hz.ltsa","8/12/2024 14:20","UF","Other","5/8/2023 2:58:05","5/8/2023 11:39:44",NA,NA,NA,NA,NA,NA,"Bocaccio",NA,NA
"J:\MB02_12\MB02_12_df24\LTSA_MB02_12_df24_5s_1Hz.ltsa","8/12/2024 14:21","UF","Other","5/9/2023 2:56:09","5/9/2023 3:58:44",NA,NA,NA,NA,NA,NA,"Bocaccio sunset",NA,NA
"J:\MB02_12\MB02_12_df24\LTSA_MB02_12_df24_5s_1Hz.ltsa","8/12/2024 14:21","UF","Other","5/9/2023 2:59:59","5/9/2023 12:38:27",NA,NA,NA,NA,NA,NA,"Bocaccio",NA,NA
"J:\MB02_12\MB02_12_df24\LTSA_MB02_12_df24_5s_1Hz.ltsa","8/12/2024 14:21","UF","Other","5/10/2023 3:22:46","5/10/2023 4:04:31",NA,NA,NA,NA,NA,NA,"Bocaccio sunset",NA,NA
"J:\MB02_12\MB02_12_df24\LTSA_MB02_12_df24_5s_1Hz.ltsa","8/12/2024 14:21","UF","Other","5/10/2023 11:13:09","5/10/2023 12:02:29",NA,NA,NA,NA,NA,NA,"Bocaccio sunrise",NA,NA
"J:\MB02_12\MB02_12_df24\LTSA_MB02_12_df24_5s_1Hz.ltsa","8/12/2024 14:21","UF","Other","5/11/2023 3:11:18","5/11/2023 4:13:53",NA,NA,NA,NA,NA,NA,"Bocaccio sunset",NA,NA
"J:\MB02_12\MB02_12_df24\LTSA_MB02_12_df24_5s_1Hz.ltsa","8/12/2024 14:21","UF","Other","5/11/2023 3:15:08","5/11/2023 12:25:12",NA,NA,NA,NA,NA,NA,"Bocaccio",NA,NA
"J:\MB02_12\MB02_12_df24\LTSA_MB02_12_df24_5s_1Hz.ltsa","8/12/2024 14:22","UF","Other","5/11/2023 10:54:07","5/11/2023 12:19:32",NA,NA,NA,NA,NA,NA,"Bocaccio sunrise",NA,NA
"J:\MB02_12\MB02_12_df24\LTSA_MB02_12_df24_5s_1Hz.ltsa","8/12/2024 14:23","UF","Other","5/9/2023 1:47:49","5/9/2023 2:18:14",NA,NA,NA,NA,NA,NA,"White Seabass",NA,NA
"J:\MB02_12\MB02_12_df24\LTSA_MB02_12_df24_5s_1Hz.ltsa","8/12/2024 14:24","UF","Other","5/9/2023 23:14:11","5/10/2023 3:01:51",NA,NA,NA,NA,NA,NA,"White Seabass",NA,NA
"J:\MB02_12\MB02_12_df24\LTSA_MB02_12_df24_5s_1Hz.ltsa","8/12/2024 14:24","UF","Other","5/10/2023 23:00:53","5/11/2023 3:03:43",NA,NA,NA,NA,NA,NA,"White Seabass",NA,NA
"J:\MB02_12\MB02_12_df24\LTSA_MB02_12_df24_5s_1Hz.ltsa","8/12/2024 14:24","UF","Other","5/11/2023 23:12:17","5/12/2023 0:39:37",NA,NA,NA,NA,NA,NA,"White Seabass",NA,NA
"J:\MB02_12\MB02_12_df24\LTSA_MB02_12_df24_5s_1Hz.ltsa","8/12/2024 14:25","UF","Other","5/12/2023 3:15:12","5/12/2023 12:29:06",NA,NA,NA,NA,NA,NA,"Bocaccio",NA,NA
"J:\MB02_12\MB02_12_df24\LTSA_MB02_12_df24_5s_1Hz.ltsa","8/12/2024 14:25","UF","Other","5/12/2023 3:13:17","5/12/2023 4:15:52",NA,NA,NA,NA,NA,NA,"Bocaccio sunset",NA,NA
"J:\MB02_12\MB02_12_df24\LTSA_MB02_12_df24_5s_1Hz.ltsa","8/12/2024 14:25","UF","Other","5/12/2023 11:26:26","5/12/2023 12:25:16",NA,NA,NA,NA,NA,NA,"Bocaccio sunrise",NA,NA
"J:\MB02_12\MB02_12_df24\LTSA_MB02_12_df24_5s_1Hz.ltsa","8/12/2024 14:25","UF","Other","5/13/2023 3:18:56","5/13/2023 12:25:15",NA,NA,NA,NA,NA,NA,"Bocaccio",NA,NA
"J:\MB02_12\MB02_12_df24\LTSA_MB02_12_df24_5s_1Hz.ltsa","8/12/2024 14:25","UF","Other","5/13/2023 3:20:51","5/13/2023 4:19:41",NA,NA,NA,NA,NA,NA,"Bocaccio sunset",NA,NA
"J:\MB02_12\MB02_12_df24\LTSA_MB02_12_df24_5s_1Hz.ltsa","8/12/2024 14:25","UF","Other","5/13/2023 10:59:50","5/13/2023 12:21:25",NA,NA,NA,NA,NA,NA,"Bocaccio sunrise",NA,NA
"J:\MB02_12\MB02_12_df24\LTSA_MB02_12_df24_5s_1Hz.ltsa","8/12/2024 14:26","UF","Other","5/14/2023 7:48:17","5/14/2023 9:45:57",NA,NA,NA,NA,NA,NA,"White Seabass",NA,NA
"J:\MB02_12\MB02_12_df24\LTSA_MB02_12_df24_5s_1Hz.ltsa","8/12/2024 14:26","UF","Other","5/14/2023 3:18:55","5/14/2023 12:27:09",NA,NA,NA,NA,NA,NA,"Bocaccio",NA,NA
"J:\MB02_12\MB02_12_df24\LTSA_MB02_12_df24_5s_1Hz.ltsa","8/12/2024 14:26","UF","Other","5/14/2023 3:18:55","5/14/2023 4:21:30",NA,NA,NA,NA,NA,NA,"Bocaccio sunset",NA,NA
"J:\MB02_12\MB02_12_df24\LTSA_MB02_12_df24_5s_1Hz.ltsa","8/12/2024 14:26","UF","Other","5/14/2023 11:11:14","5/14/2023 12:17:39",NA,NA,NA,NA,NA,NA,"Bocaccio sunrise",NA,NA
"J:\MB02_12\MB02_12_df24\LTSA_MB02_12_df24_5s_1Hz.ltsa","8/12/2024 14:26","UF","Other","5/14/2023 4:08:15","5/14/2023 8:26:12",NA,NA,NA,NA,NA,NA,"Midshipman",NA,NA
"J:\MB02_12\MB02_12_df24\LTSA_MB02_12_df24_5s_1Hz.ltsa","8/12/2024 14:27","UF","Other","5/13/2023 4:49:58","5/13/2023 8:05:23",NA,NA,NA,NA,NA,NA,"Midshipman",NA,NA
"J:\MB02_12\MB02_12_df24\LTSA_MB02_12_df24_5s_1Hz.ltsa","8/12/2024 14:28","UF","Other","5/15/2023 3:13:13","5/15/2023 4:10:08",NA,NA,NA,NA,NA,NA,"Bocaccio sunset",NA,NA
"J:\MB02_12\MB02_12_df24\LTSA_MB02_12_df24_5s_1Hz.ltsa","8/12/2024 14:28","UF","Other","5/15/2023 3:16:58","5/15/2023 12:04:23",NA,NA,NA,NA,NA,NA,"Bocaccio",NA,NA
"J:\MB02_12\MB02_12_df24\LTSA_MB02_12_df24_5s_1Hz.ltsa","8/12/2024 14:28","UF","Other","5/15/2023 11:03:38","5/15/2023 11:56:48",NA,NA,NA,NA,NA,NA,"Bocaccio sunrise",NA,NA
"J:\MB02_12\MB02_12_df24\LTSA_MB02_12_df24_5s_1Hz.ltsa","8/12/2024 14:29","UF","Other","5/15/2023 3:39:48","5/15/2023 9:59:10",NA,NA,NA,NA,NA,NA,"Midshipman",NA,NA
"J:\MB02_12\MB02_12_df24\LTSA_MB02_12_df24_5s_1Hz.ltsa","8/12/2024 14:30","UF","Other","5/14/2023 23:44:33","5/15/2023 1:13:43",NA,NA,NA,NA,NA,NA,"White Seabass",NA,NA
"J:\MB02_12\MB02_12_df24\LTSA_MB02_12_df24_5s_1Hz.ltsa","8/12/2024 14:31","UF","Other","5/15/2023 23:00:53","5/16/2023 12:32:48",NA,NA,NA,NA,NA,NA,"White Seabass",NA,NA
"J:\MB02_12\MB02_12_df24\LTSA_MB02_12_df24_5s_1Hz.ltsa","8/12/2024 14:31","UF","Other","5/16/2023 3:13:13","5/16/2023 4:17:43",NA,NA,NA,NA,NA,NA,"Bocaccio sunset",NA,NA
"J:\MB02_12\MB02_12_df24\LTSA_MB02_12_df24_5s_1Hz.ltsa","8/12/2024 14:31","UF","Other","5/16/2023 3:11:18","5/16/2023 12:11:58",NA,NA,NA,NA,NA,NA,"Bocaccio",NA,NA
"J:\MB02_12\MB02_12_df24\LTSA_MB02_12_df24_5s_1Hz.ltsa","8/12/2024 14:32","UF","Other","5/17/2023 2:56:12","5/17/2023 12:10:05",NA,NA,NA,NA,NA,NA,"Bocaccio",NA,NA
"J:\MB02_12\MB02_12_df24\LTSA_MB02_12_df24_5s_1Hz.ltsa","8/12/2024 14:32","UF","Other","5/16/2023 20:53:40","5/17/2023 2:04:57",NA,NA,NA,NA,NA,NA,"White Seabass",NA,NA
"J:\MB02_12\MB02_12_df24\LTSA_MB02_12_df24_5s_1Hz.ltsa","8/12/2024 14:32","UF","Other","5/17/2023 4:06:22","5/17/2023 8:22:29",NA,NA,NA,NA,NA,NA,"White Seabass",NA,NA
"J:\MB02_12\MB02_12_df24\LTSA_MB02_12_df24_5s_1Hz.ltsa","8/12/2024 14:32","UF","Other","5/17/2023 2:56:12","5/17/2023 3:58:47",NA,NA,NA,NA,NA,NA,"Bocaccio sunset",NA,NA
"J:\MB02_12\MB02_12_df24\LTSA_MB02_12_df24_5s_1Hz.ltsa","8/12/2024 14:33","UF","Other","5/18/2023 3:05:39","5/18/2023 4:12:04",NA,NA,NA,NA,NA,NA,"Bocaccio sunset",NA,NA
"J:\MB02_12\MB02_12_df24\LTSA_MB02_12_df24_5s_1Hz.ltsa","8/12/2024 14:33","UF","Other","5/18/2023 11:11:13","5/18/2023 12:21:23",NA,NA,NA,NA,NA,NA,"Bocaccio sunrise",NA,NA
"J:\MB02_12\MB02_12_df24\LTSA_MB02_12_df24_5s_1Hz.ltsa","8/12/2024 14:33","UF","Other","5/18/2023 6:26:41","5/18/2023 9:07:56",NA,NA,NA,NA,NA,NA,"White Seabass",NA,NA
"J:\MB02_12\MB02_12_df24\LTSA_MB02_12_df24_5s_1Hz.ltsa","8/12/2024 14:34","UF","Other","5/18/2023 18:04:45","5/18/2023 22:55:02",NA,NA,NA,NA,NA,NA,"White Seabass",NA,NA
"J:\MB02_12\MB02_12_df24\LTSA_MB02_12_df24_5s_1Hz.ltsa","8/12/2024 14:34","UF","Other","5/18/2023 22:34:10","5/19/2023 8:33:49",NA,NA,NA,NA,NA,NA,"White Seabass",NA,NA
"J:\MB02_12\MB02_12_df24\LTSA_MB02_12_df24_5s_1Hz.ltsa","8/12/2024 14:34","UF","Other","5/19/2023 2:52:22","5/19/2023 12:15:46",NA,NA,NA,NA,NA,NA,"Bocaccio",NA,NA
"J:\MB02_12\MB02_12_df24\LTSA_MB02_12_df24_5s_1Hz.ltsa","8/12/2024 14:34","UF","Other","5/19/2023 22:00:03","5/20/2023 11:34:01",NA,NA,NA,NA,NA,NA,"White Seabass",NA,NA
"J:\MB02_12\MB02_12_df24\LTSA_MB02_12_df24_5s_1Hz.ltsa","8/12/2024 14:35","UF","Other","5/20/2023 2:42:56","5/20/2023 12:10:06",NA,NA,NA,NA,NA,NA,"Bocaccio",NA,NA
"J:\MB02_12\MB02_12_df24\LTSA_MB02_12_df24_5s_1Hz.ltsa","8/12/2024 14:35","UF","Other","5/20/2023 3:56:56","5/20/2023 10:39:01",NA,NA,NA,NA,NA,NA,"Midshipman",NA,NA
"J:\MB02_12\MB02_12_df24\LTSA_MB02_12_df24_5s_1Hz.ltsa","8/12/2024 14:35","UF","Other","5/20/2023 22:13:23","5/21/2023 10:48:30",NA,NA,NA,NA,NA,NA,"White Seabass",NA,NA
"J:\MB02_12\MB02_12_df24\LTSA_MB02_12_df24_5s_1Hz.ltsa","8/12/2024 14:35","UF","Other","5/21/2023 3:15:10","5/21/2023 4:13:55",NA,NA,NA,NA,NA,NA,"Bocaccio sunset",NA,NA
"J:\MB02_12\MB02_12_df24\LTSA_MB02_12_df24_5s_1Hz.ltsa","8/12/2024 14:35","UF","Other","5/21/2023 3:15:10","5/21/2023 12:13:50",NA,NA,NA,NA,NA,NA,"Bocaccio",NA,NA
"J:\MB02_12\MB02_12_df24\LTSA_MB02_12_df24_5s_1Hz.ltsa","8/12/2024 14:35","UF","Other","5/21/2023 3:51:10","5/21/2023 11:07:30",NA,NA,NA,NA,NA,NA,"Midshipman",NA,NA
"J:\MB02_12\MB02_12_df24\LTSA_MB02_12_df24_5s_1Hz.ltsa","8/12/2024 14:36","UF","Other","5/21/2023 10:48:30","5/21/2023 12:12:00",NA,NA,NA,NA,NA,NA,"Bocaccio sunrise",NA,NA
"J:\MB02_12\MB02_12_df24\LTSA_MB02_12_df24_5s_1Hz.ltsa","8/12/2024 14:36","UF","Other","5/22/2023 3:13:14","5/22/2023 4:32:54",NA,NA,NA,NA,NA,NA,"Bocaccio sunset",NA,NA
"J:\MB02_12\MB02_12_df24\LTSA_MB02_12_df24_5s_1Hz.ltsa","8/12/2024 14:36","UF","Other","5/22/2023 3:11:19","5/22/2023 12:13:48",NA,NA,NA,NA,NA,NA,"Bocaccio",NA,NA
"J:\MB02_12\MB02_12_df24\LTSA_MB02_12_df24_5s_1Hz.ltsa","8/12/2024 14:36","UF","Other","5/22/2023 10:54:08","5/22/2023 12:17:38",NA,NA,NA,NA,NA,NA,"Bocaccio sunrise",NA,NA
"J:\MB02_12\MB02_12_df24\LTSA_MB02_12_df24_5s_1Hz.ltsa","8/12/2024 14:36","UF","Other","5/22/2023 3:53:04","5/22/2023 10:57:58",NA,NA,NA,NA,NA,NA,"Midshipman",NA,NA
"J:\MB02_12\MB02_12_df24\LTSA_MB02_12_df24_5s_1Hz.ltsa","8/12/2024 14:37","UF","Other","5/22/2023 23:06:37","5/23/2023 4:19:42",NA,NA,NA,NA,NA,NA,"White Seabass",NA,NA
"J:\MB02_12\MB02_12_df24\LTSA_MB02_12_df24_5s_1Hz.ltsa","8/12/2024 14:37","UF","Other","5/23/2023 3:11:22","5/23/2023 4:19:42",NA,NA,NA,NA,NA,NA,"Bocaccio sunset",NA,NA
"J:\MB02_12\MB02_12_df24\LTSA_MB02_12_df24_5s_1Hz.ltsa","8/12/2024 14:37","UF","Other","5/23/2023 4:32:57","5/23/2023 11:28:21",NA,NA,NA,NA,NA,NA,"Midshipman",NA,NA
"J:\MB02_12\MB02_12_df24\LTSA_MB02_12_df24_5s_1Hz.ltsa","8/12/2024 14:37","UF","Other","5/23/2023 3:13:17","5/23/2023 12:10:06",NA,NA,NA,NA,NA,NA,"Bocaccio",NA,NA
"J:\MB02_12\MB02_12_df24\LTSA_MB02_12_df24_5s_1Hz.ltsa","8/12/2024 14:37","UF","Other","5/23/2023 11:18:51","5/23/2023 11:58:41",NA,NA,NA,NA,NA,NA,"Bocaccio sunrise",NA,NA
"J:\MB02_12\MB02_12_df24\LTSA_MB02_12_df24_5s_1Hz.ltsa","8/12/2024 14:38","UF","Other","5/23/2023 5:12:44","5/23/2023 12:10:06",NA,NA,NA,NA,NA,NA,"White Seabass",NA,NA
"J:\MB02_12\MB02_12_df24\LTSA_MB02_12_df24_5s_1Hz.ltsa","8/12/2024 14:38","UF","Other","5/23/2023 21:58:13","5/24/2023 2:14:25",NA,NA,NA,NA,NA,NA,"White Seabass",NA,NA
"J:\MB02_12\MB02_12_df24\LTSA_MB02_12_df24_5s_1Hz.ltsa","8/12/2024 14:39","UF","Other","5/24/2023 3:20:50","5/24/2023 4:19:40",NA,NA,NA,NA,NA,NA,"Bocaccio sunset",NA,NA
"J:\MB02_12\MB02_12_df24\LTSA_MB02_12_df24_5s_1Hz.ltsa","8/12/2024 14:39","UF","Other","5/24/2023 4:15:50","5/24/2023 11:39:45",NA,NA,NA,NA,NA,NA,"Midshipman",NA,NA
"J:\MB02_12\MB02_12_df24\LTSA_MB02_12_df24_5s_1Hz.ltsa","8/12/2024 14:39","UF","Other","5/24/2023 10:56:05","5/24/2023 12:06:15",NA,NA,NA,NA,NA,NA,"Bocaccio sunrise",NA,NA
"J:\MB02_12\MB02_12_df24\LTSA_MB02_12_df24_5s_1Hz.ltsa","8/12/2024 14:40","UF","Other","5/24/2023 3:15:10","5/24/2023 12:12:00",NA,NA,NA,NA,NA,NA,"Bocaccio",NA,NA
"J:\MB02_12\MB02_12_df24\LTSA_MB02_12_df24_5s_1Hz.ltsa","8/12/2024 14:42","UF","Other","5/24/2023 3:28:25","5/24/2023 12:08:10",NA,NA,NA,NA,NA,NA,"White Seabass",NA,NA
"J:\MB02_12\MB02_12_df24\LTSA_MB02_12_df24_5s_1Hz.ltsa","8/13/2024 10:17","UF","Other","5/24/2023 22:05:47","5/25/2023 2:41:00",NA,NA,NA,NA,NA,NA,"White Seabass",NA,NA
"J:\MB02_12\MB02_12_df24\LTSA_MB02_12_df24_5s_1Hz.ltsa","8/13/2024 10:18","UF","Other","5/25/2023 3:11:20","5/25/2023 4:17:45",NA,NA,NA,NA,NA,NA,"Bocaccio sunset",NA,NA
"J:\MB02_12\MB02_12_df24\LTSA_MB02_12_df24_5s_1Hz.ltsa","8/13/2024 10:18","UF","Other","5/25/2023 3:34:05","5/25/2023 11:52:59",NA,NA,NA,NA,NA,NA,"Midshipman",NA,NA
"J:\MB02_12\MB02_12_df24\LTSA_MB02_12_df24_5s_1Hz.ltsa","8/13/2024 10:18","UF","Other","5/25/2023 11:05:34","5/25/2023 12:10:04",NA,NA,NA,NA,NA,NA,"Bocaccio sunrise",NA,NA
"J:\MB02_12\MB02_12_df24\LTSA_MB02_12_df24_5s_1Hz.ltsa","8/13/2024 10:20","UF","Other","5/25/2023 16:45:06","5/25/2023 22:00:01",NA,NA,NA,NA,NA,NA,"White Seabass",NA,NA
"J:\MB02_12\MB02_12_df24\LTSA_MB02_12_df24_5s_1Hz.ltsa","8/13/2024 10:21","UF","Other","5/25/2023 22:34:11","5/26/2023 1:40:13",NA,NA,NA,NA,NA,NA,"White Seabass",NA,NA
"J:\MB02_12\MB02_12_df24\LTSA_MB02_12_df24_5s_1Hz.ltsa","8/13/2024 10:21","UF","Other","5/26/2023 3:13:13","5/26/2023 4:13:53",NA,NA,NA,NA,NA,NA,"Bocaccio sunset",NA,NA
"J:\MB02_12\MB02_12_df24\LTSA_MB02_12_df24_5s_1Hz.ltsa","8/13/2024 10:21","UF","Other","5/26/2023 3:56:53","5/26/2023 11:51:02",NA,NA,NA,NA,NA,NA,"Midshipman",NA,NA
"J:\MB02_12\MB02_12_df24\LTSA_MB02_12_df24_5s_1Hz.ltsa","8/13/2024 10:21","UF","Other","5/26/2023 3:13:13","5/26/2023 12:08:07",NA,NA,NA,NA,NA,NA,"Bocaccio",NA,NA
"J:\MB02_12\MB02_12_df24\LTSA_MB02_12_df24_5s_1Hz.ltsa","8/13/2024 10:21","UF","Other","5/25/2023 3:11:20","5/25/2023 12:13:49",NA,NA,NA,NA,NA,NA,"Bocaccio",NA,NA
"J:\MB02_12\MB02_12_df24\LTSA_MB02_12_df24_5s_1Hz.ltsa","8/13/2024 10:22","UF","Other","5/26/2023 11:09:17","5/26/2023 12:15:42",NA,NA,NA,NA,NA,NA,"Bocaccio sunrise",NA,NA
"J:\MB02_12\MB02_12_df24\LTSA_MB02_12_df24_5s_1Hz.ltsa","8/13/2024 10:22","UF","Other","5/26/2023 9:06:00","5/26/2023 11:43:27",NA,NA,NA,NA,NA,NA,"White Seabass",NA,NA
"J:\MB02_12\MB02_12_df24\LTSA_MB02_12_df24_5s_1Hz.ltsa","8/13/2024 10:22","UF","Other","5/27/2023 1:34:37","5/27/2023 4:06:22",NA,NA,NA,NA,NA,NA,"White Seabass",NA,NA
"J:\MB02_12\MB02_12_df24\LTSA_MB02_12_df24_5s_1Hz.ltsa","8/13/2024 10:22","UF","Other","5/27/2023 3:03:47","5/27/2023 4:06:22",NA,NA,NA,NA,NA,NA,"Bocaccio sunset",NA,NA
"J:\MB02_12\MB02_12_df24\LTSA_MB02_12_df24_5s_1Hz.ltsa","8/13/2024 10:23","UF","Other","5/27/2023 4:02:37","5/27/2023 11:47:21",NA,NA,NA,NA,NA,NA,"Midshipman",NA,NA
"J:\MB02_12\MB02_12_df24\LTSA_MB02_12_df24_5s_1Hz.ltsa","8/13/2024 10:23","UF","Other","5/27/2023 3:07:37","5/27/2023 12:36:41",NA,NA,NA,NA,NA,NA,"Bocaccio",NA,NA
"J:\MB02_12\MB02_12_df24\LTSA_MB02_12_df24_5s_1Hz.ltsa","8/13/2024 10:23","UF","Other","5/27/2023 11:35:56","5/27/2023 12:23:21",NA,NA,NA,NA,NA,NA,"Bocaccio sunrise",NA,NA
"J:\MB02_12\MB02_12_df24\LTSA_MB02_12_df24_5s_1Hz.ltsa","8/13/2024 10:24","UF","Other","5/27/2023 4:06:22","5/27/2023 9:30:44",NA,NA,NA,NA,NA,NA,"White Seabass",NA,NA
"J:\MB02_12\MB02_12_df24\LTSA_MB02_12_df24_5s_1Hz.ltsa","8/13/2024 10:24","UF","Other","5/28/2023 2:14:25","5/28/2023 9:45:57",NA,NA,NA,NA,NA,NA,"White Seabass",NA,NA
"J:\MB02_12\MB02_12_df24\LTSA_MB02_12_df24_5s_1Hz.ltsa","8/13/2024 10:24","UF","Other","5/28/2023 2:56:10","5/28/2023 4:04:30",NA,NA,NA,NA,NA,NA,"Bocaccio sunset",NA,NA
"J:\MB02_12\MB02_12_df24\LTSA_MB02_12_df24_5s_1Hz.ltsa","8/13/2024 10:24","UF","Other","5/28/2023 3:41:40","5/28/2023 12:00:34",NA,NA,NA,NA,NA,NA,"Midhsipman",NA,NA
"J:\MB02_12\MB02_12_df24\LTSA_MB02_12_df24_5s_1Hz.ltsa","8/13/2024 10:24","UF","Other","5/28/2023 3:01:50","5/28/2023 12:27:09",NA,NA,NA,NA,NA,NA,"Bocaccio",NA,NA
"J:\MB02_12\MB02_12_df24\LTSA_MB02_12_df24_5s_1Hz.ltsa","8/13/2024 10:25","UF","Other","5/29/2023 3:13:13","5/29/2023 4:21:28",NA,NA,NA,NA,NA,NA,"Bocaccio sunset",NA,NA
"J:\MB02_12\MB02_12_df24\LTSA_MB02_12_df24_5s_1Hz.ltsa","8/13/2024 10:25","UF","Other","5/29/2023 3:18:53","5/29/2023 11:51:02",NA,NA,NA,NA,NA,NA,"Midshipman",NA,NA
"J:\MB02_12\MB02_12_df24\LTSA_MB02_12_df24_5s_1Hz.ltsa","8/13/2024 10:25","UF","Other","5/29/2023 11:26:22","5/29/2023 12:08:07",NA,NA,NA,NA,NA,NA,"Bocaccio sunrise",NA,NA
"J:\MB02_12\MB02_12_df24\LTSA_MB02_12_df24_5s_1Hz.ltsa","8/13/2024 10:26","UF","Other","5/29/2023 3:16:58","5/29/2023 12:19:32",NA,NA,NA,NA,NA,NA,"Bocaccio",NA,NA
"J:\MB02_12\MB02_12_df24\LTSA_MB02_12_df24_5s_1Hz.ltsa","8/13/2024 10:33","UF","Other","5/29/2023 2:50:28","5/29/2023 6:39:55",NA,NA,NA,NA,NA,NA,"White Seabass",NA,NA
"J:\MB02_12\MB02_12_df24\LTSA_MB02_12_df24_5s_1Hz.ltsa","8/13/2024 10:33","UF","Other","5/29/2023 7:40:40","5/29/2023 11:05:32",NA,NA,NA,NA,NA,NA,"White Seabass",NA,NA
"J:\MB02_12\MB02_12_df24\LTSA_MB02_12_df24_5s_1Hz.ltsa","8/13/2024 10:33","UF","Other","5/30/2023 3:07:35","5/30/2023 4:17:45",NA,NA,NA,NA,NA,NA,"Bocaccio sunset",NA,NA
"J:\MB02_12\MB02_12_df24\LTSA_MB02_12_df24_5s_1Hz.ltsa","8/13/2024 10:33","UF","Other","5/30/2023 3:56:55","5/30/2023 11:49:08",NA,NA,NA,NA,NA,NA,"Midshipman",NA,NA
"J:\MB02_12\MB02_12_df24\LTSA_MB02_12_df24_5s_1Hz.ltsa","8/13/2024 10:33","UF","Other","5/30/2023 4:27:15","5/30/2023 9:21:17",NA,NA,NA,NA,NA,NA,"White Seabass",NA,NA
"J:\MB02_12\MB02_12_df24\LTSA_MB02_12_df24_5s_1Hz.ltsa","8/13/2024 10:34","UF","Other","5/30/2023 11:09:18","5/30/2023 11:54:53",NA,NA,NA,NA,NA,NA,"Bocaccio sunrise",NA,NA
"J:\MB02_12\MB02_12_df24\LTSA_MB02_12_df24_5s_1Hz.ltsa","8/13/2024 10:34","UF","Other","5/30/2023 3:05:40","5/30/2023 12:02:28",NA,NA,NA,NA,NA,NA,"Bocaccio",NA,NA
"J:\MB02_12\MB02_12_df24\LTSA_MB02_12_df24_5s_1Hz.ltsa","8/13/2024 10:34","UF","Other","5/31/2023 3:07:37","5/31/2023 4:15:52",NA,NA,NA,NA,NA,NA,"Bocaccio sunset",NA,NA
"J:\MB02_12\MB02_12_df24\LTSA_MB02_12_df24_5s_1Hz.ltsa","8/13/2024 10:34","UF","Other","5/31/2023 3:30:22","5/31/2023 11:54:56",NA,NA,NA,NA,NA,NA,"Midshipman",NA,NA
"J:\MB02_12\MB02_12_df24\LTSA_MB02_12_df24_5s_1Hz.ltsa","8/13/2024 10:35","UF","Other","5/31/2023 0:16:52","5/31/2023 1:04:17",NA,NA,NA,NA,NA,NA,"White Seabass",NA,NA
"J:\MB02_12\MB02_12_df24\LTSA_MB02_12_df24_5s_1Hz.ltsa","8/13/2024 10:35","UF","Other","5/31/2023 3:55:02","5/31/2023 12:15:46",NA,NA,NA,NA,NA,NA,"White Seabass",NA,NA
"J:\MB02_12\MB02_12_df24\LTSA_MB02_12_df24_5s_1Hz.ltsa","8/13/2024 10:35","UF","Other","6/1/2023 2:50:30","6/1/2023 4:10:10",NA,NA,NA,NA,NA,NA,"Bocaccio sunset",NA,NA
"J:\MB02_12\MB02_12_df24\LTSA_MB02_12_df24_5s_1Hz.ltsa","8/13/2024 10:35","UF","Other","6/1/2023 3:34:05","6/1/2023 12:02:29",NA,NA,NA,NA,NA,NA,"Midshipman",NA,NA
"J:\MB02_12\MB02_12_df24\LTSA_MB02_12_df24_5s_1Hz.ltsa","8/13/2024 10:35","UF","Other","6/1/2023 11:22:39","6/1/2023 12:29:04",NA,NA,NA,NA,NA,NA,"Bocaccio sunrise",NA,NA
"J:\MB02_12\MB02_12_df24\LTSA_MB02_12_df24_5s_1Hz.ltsa","8/13/2024 10:36","UF","Other","5/31/2023 20:06:13","5/31/2023 21:22:08",NA,NA,NA,NA,NA,NA,"White Seabass",NA,NA
"J:\MB02_12\MB02_12_df24\LTSA_MB02_12_df24_5s_1Hz.ltsa","8/13/2024 10:37","UF","Other","5/31/2023 22:45:35","6/1/2023 11:20:44",NA,NA,NA,NA,NA,NA,"White Seabass",NA,NA
"J:\MB02_12\MB02_12_df24\LTSA_MB02_12_df24_5s_1Hz.ltsa","8/13/2024 10:37","UF","Other","6/1/2023 15:00:49","6/1/2023 16:47:01",NA,NA,NA,NA,NA,NA,"White Seabass",NA,NA
"J:\MB02_12\MB02_12_df24\LTSA_MB02_12_df24_5s_1Hz.ltsa","8/13/2024 10:38","UF","Other","6/1/2023 19:56:46","6/2/2023 11:43:27",NA,NA,NA,NA,NA,NA,"White Seabass",NA,NA
"J:\MB02_12\MB02_12_df24\LTSA_MB02_12_df24_5s_1Hz.ltsa","8/13/2024 10:38","UF","Other","6/2/2023 3:30:18","6/2/2023 12:19:32",NA,NA,NA,NA,NA,NA,"Midshipman",NA,NA
"J:\MB02_12\MB02_12_df24\LTSA_MB02_12_df24_5s_1Hz.ltsa","8/13/2024 10:38","UF","Other","6/2/2023 2:42:53","6/2/2023 3:56:53",NA,NA,NA,NA,NA,NA,"Bocaccio sunset",NA,NA
"J:\MB02_12\MB02_12_df24\LTSA_MB02_12_df24_5s_1Hz.ltsa","8/13/2024 10:38","UF","Other","6/2/2023 2:42:53","6/2/2023 12:15:42",NA,NA,NA,NA,NA,NA,"Bocaccio",NA,NA
"J:\MB02_12\MB02_12_df24\LTSA_MB02_12_df24_5s_1Hz.ltsa","8/13/2024 10:39","UF","Other","6/1/2023 3:01:50","6/1/2023 12:27:09",NA,NA,NA,NA,NA,NA,"Bocaccio",NA,NA
"J:\MB02_12\MB02_12_df24\LTSA_MB02_12_df24_5s_1Hz.ltsa","8/13/2024 10:39","UF","Other","6/2/2023 11:13:07","6/2/2023 12:19:32",NA,NA,NA,NA,NA,NA,"Bocaccio sunrise",NA,NA
"J:\MB02_12\MB02_12_df24\LTSA_MB02_12_df24_5s_1Hz.ltsa","8/13/2024 10:40","UF","Other","6/2/2023 21:08:49","6/3/2023 11:34:00",NA,NA,NA,NA,NA,NA,"White Seabass",NA,NA
"J:\MB02_12\MB02_12_df24\LTSA_MB02_12_df24_5s_1Hz.ltsa","8/13/2024 10:40","UF","Other","6/3/2023 3:11:21","6/3/2023 4:06:21",NA,NA,NA,NA,NA,NA,"Bocaccio sunset",NA,NA
"J:\MB02_12\MB02_12_df24\LTSA_MB02_12_df24_5s_1Hz.ltsa","8/13/2024 10:40","UF","Other","6/3/2023 3:28:26","6/3/2023 11:49:10",NA,NA,NA,NA,NA,NA,"Midshipman",NA,NA
"J:\MB02_12\MB02_12_df24\LTSA_MB02_12_df24_5s_1Hz.ltsa","8/13/2024 10:40","UF","Other","6/3/2023 10:14:23","6/3/2023 12:19:35",NA,NA,NA,NA,NA,NA,"Bocaccio sunrise",NA,NA
"J:\MB02_12\MB02_12_df24\LTSA_MB02_12_df24_5s_1Hz.ltsa","8/13/2024 10:41","UF","Other","6/4/2023 3:13:13","6/4/2023 4:15:48",NA,NA,NA,NA,NA,NA,"Bocaccio sunset",NA,NA
"J:\MB02_12\MB02_12_df24\LTSA_MB02_12_df24_5s_1Hz.ltsa","8/13/2024 10:41","UF","Other","6/4/2023 3:13:13","6/4/2023 11:49:07",NA,NA,NA,NA,NA,NA,"Midshipman",NA,NA
"J:\MB02_12\MB02_12_df24\LTSA_MB02_12_df24_5s_1Hz.ltsa","8/13/2024 10:41","UF","Other","6/4/2023 10:27:35","6/4/2023 12:23:17",NA,NA,NA,NA,NA,NA,"Bocaccio sunrise",NA,NA
"J:\MB02_12\MB02_12_df24\LTSA_MB02_12_df24_5s_1Hz.ltsa","8/13/2024 10:41","UF","Other","6/3/2023 23:06:33","6/4/2023 2:02:58",NA,NA,NA,NA,NA,NA,"White Seabass",NA,NA
"J:\MB02_12\MB02_12_df24\LTSA_MB02_12_df24_5s_1Hz.ltsa","8/13/2024 10:42","UF","Other","6/5/2023 3:01:50","6/5/2023 4:13:55",NA,NA,NA,NA,NA,NA,"Bocaccio sunset",NA,NA
"J:\MB02_12\MB02_12_df24\LTSA_MB02_12_df24_5s_1Hz.ltsa","8/13/2024 10:42","UF","Other","6/5/2023 3:26:30","6/5/2023 12:08:10",NA,NA,NA,NA,NA,NA,"Midshipman",NA,NA
"J:\MB02_12\MB02_12_df24\LTSA_MB02_12_df24_5s_1Hz.ltsa","8/13/2024 10:42","UF","Other","6/5/2023 3:01:50","6/5/2023 12:17:40",NA,NA,NA,NA,NA,NA,"Bocaccio",NA,NA
"J:\MB02_12\MB02_12_df24\LTSA_MB02_12_df24_5s_1Hz.ltsa","8/13/2024 10:42","UF","Other","6/5/2023 10:39:00","6/5/2023 12:17:40",NA,NA,NA,NA,NA,NA,"Bocaccio sunrise",NA,NA
"J:\MB02_12\MB02_12_df24\LTSA_MB02_12_df24_5s_1Hz.ltsa","8/13/2024 10:45","UF","Other","6/4/2023 23:00:55","6/4/2023 23:48:20",NA,NA,NA,NA,NA,NA,"White Seabass",NA,NA
"J:\MB02_12\MB02_12_df24\LTSA_MB02_12_df24_5s_1Hz.ltsa","8/13/2024 10:45","UF","Other","6/5/2023 23:02:53","6/6/2023 6:45:46",NA,NA,NA,NA,NA,NA,"White Seabass",NA,NA
"J:\MB02_12\MB02_12_df24\LTSA_MB02_12_df24_5s_1Hz.ltsa","8/13/2024 10:45","UF","Other","6/6/2023 2:41:03","6/6/2023 3:56:58",NA,NA,NA,NA,NA,NA,"Bocaccio sunset",NA,NA
"J:\MB02_12\MB02_12_df24\LTSA_MB02_12_df24_5s_1Hz.ltsa","8/13/2024 10:45","UF","Other","6/6/2023 3:41:43","6/6/2023 11:39:48",NA,NA,NA,NA,NA,NA,"Midshipman",NA,NA
"J:\MB02_12\MB02_12_df24\LTSA_MB02_12_df24_5s_1Hz.ltsa","8/13/2024 10:45","UF","Other","6/6/2023 2:54:18","6/6/2023 12:32:53",NA,NA,NA,NA,NA,NA,"Bocaccio",NA,NA
"J:\MB02_12\MB02_12_df24\LTSA_MB02_12_df24_5s_1Hz.ltsa","8/13/2024 10:45","UF","Other","6/6/2023 11:11:18","6/6/2023 12:40:28",NA,NA,NA,NA,NA,NA,"Bocaccio sunrise",NA,NA
"J:\MB02_12\MB02_12_df24\LTSA_MB02_12_df24_5s_1Hz.ltsa","8/13/2024 10:46","UF","Other","6/7/2023 2:16:19","6/7/2023 3:53:04",NA,NA,NA,NA,NA,NA,"Bocaccio sunset",NA,NA
"J:\MB02_12\MB02_12_df24\LTSA_MB02_12_df24_5s_1Hz.ltsa","8/13/2024 10:46","UF","Other","6/7/2023 3:28:24","6/7/2023 10:48:29",NA,NA,NA,NA,NA,NA,"Midshipman",NA,NA
"J:\MB02_12\MB02_12_df24\LTSA_MB02_12_df24_5s_1Hz.ltsa","8/13/2024 10:46","UF","Other","6/7/2023 10:40:54","6/7/2023 12:44:14",NA,NA,NA,NA,NA,NA,"Bocaccio sunrise",NA,NA
"J:\MB02_12\MB02_12_df24\LTSA_MB02_12_df24_5s_1Hz.ltsa","8/13/2024 10:47","UF","Other","6/7/2023 2:18:14","6/7/2023 12:42:19",NA,NA,NA,NA,NA,NA,"Bocaccio",NA,NA
"J:\MB02_12\MB02_12_df24\LTSA_MB02_12_df24_5s_1Hz.ltsa","8/13/2024 10:47","UF","Other","6/6/2023 23:04:39","6/7/2023 9:13:41",NA,NA,NA,NA,NA,NA,"White Seabass",NA,NA
"J:\MB02_12\MB02_12_df24\LTSA_MB02_12_df24_5s_1Hz.ltsa","8/13/2024 10:47","UF","Other","6/8/2023 1:23:08","6/8/2023 2:29:33",NA,NA,NA,NA,NA,NA,"White Seabass",NA,NA
"J:\MB02_12\MB02_12_df24\LTSA_MB02_12_df24_5s_1Hz.ltsa","8/13/2024 10:47","UF","Other","6/8/2023 2:20:03","6/8/2023 3:47:23",NA,NA,NA,NA,NA,NA,"Bocaccio sunset",NA,NA
"J:\MB02_12\MB02_12_df24\LTSA_MB02_12_df24_5s_1Hz.ltsa","8/13/2024 10:47","UF","Other","6/8/2023 3:34:03","6/8/2023 10:40:51",NA,NA,NA,NA,NA,NA,"Midshipman",NA,NA
"J:\MB02_12\MB02_12_df24\LTSA_MB02_12_df24_5s_1Hz.ltsa","8/13/2024 10:48","UF","Other","6/8/2023 2:06:48","6/8/2023 12:44:11",NA,NA,NA,NA,NA,NA,"Bocaccio",NA,NA
"J:\MB02_12\MB02_12_df24\LTSA_MB02_12_df24_5s_1Hz.ltsa","8/13/2024 10:48","UF","Other","6/8/2023 4:42:20","6/8/2023 11:15:01",NA,NA,NA,NA,NA,NA,"White Seabass",NA,NA
"J:\MB02_12\MB02_12_df24\LTSA_MB02_12_df24_5s_1Hz.ltsa","8/13/2024 10:48","UF","Other","6/8/2023 10:54:06","6/8/2023 12:44:11",NA,NA,NA,NA,NA,NA,"Bocaccio sunrise",NA,NA
"J:\MB02_12\MB02_12_df24\LTSA_MB02_12_df24_5s_1Hz.ltsa","8/13/2024 10:48","UF","Other","6/8/2023 23:02:50","6/9/2023 3:58:45",NA,NA,NA,NA,NA,NA,"White Seabass",NA,NA
"J:\MB02_12\MB02_12_df24\LTSA_MB02_12_df24_5s_1Hz.ltsa","8/13/2024 10:48","UF","Other","6/9/2023 2:39:05","6/9/2023 4:00:40",NA,NA,NA,NA,NA,NA,"Bocaccio sunset",NA,NA
"J:\MB02_12\MB02_12_df24\LTSA_MB02_12_df24_5s_1Hz.ltsa","8/13/2024 10:49","UF","Other","6/9/2023 3:51:10","6/9/2023 11:41:34",NA,NA,NA,NA,NA,NA,"Midshipman",NA,NA
"J:\MB02_12\MB02_12_df24\LTSA_MB02_12_df24_5s_1Hz.ltsa","8/13/2024 10:49","UF","Other","6/9/2023 11:43:29","6/9/2023 12:46:04",NA,NA,NA,NA,NA,NA,"Bocaccio sunrise",NA,NA
"J:\MB02_12\MB02_12_df24\LTSA_MB02_12_df24_5s_1Hz.ltsa","8/13/2024 10:49","UF","Other","6/9/2023 2:35:20","6/9/2023 12:30:54",NA,NA,NA,NA,NA,NA,"Bocaccio",NA,NA
"J:\MB02_12\MB02_12_df24\LTSA_MB02_12_df24_5s_1Hz.ltsa","8/13/2024 10:49","UF","Other","6/9/2023 6:17:12","6/9/2023 11:28:19",NA,NA,NA,NA,NA,NA,"White Seabass",NA,NA
"J:\MB02_12\MB02_12_df24\LTSA_MB02_12_df24_5s_1Hz.ltsa","8/13/2024 10:50","UF","Other","6/9/2023 12:21:24","6/9/2023 15:23:34",NA,NA,NA,NA,NA,NA,"White Seabass",NA,NA
"J:\MB02_12\MB02_12_df24\LTSA_MB02_12_df24_5s_1Hz.ltsa","8/13/2024 10:53","UF","Other","6/10/2023 4:34:50","6/10/2023 11:45:27",NA,NA,NA,NA,NA,NA,"White Seabass",NA,NA
"J:\MB02_12\MB02_12_df24\LTSA_MB02_12_df24_5s_1Hz.ltsa","8/13/2024 10:53","UF","Other","6/10/2023 2:18:18","6/10/2023 4:21:33",NA,NA,NA,NA,NA,NA,"Bocaccio sunset",NA,NA
"J:\MB02_12\MB02_12_df24\LTSA_MB02_12_df24_5s_1Hz.ltsa","8/13/2024 10:54","UF","Other","6/10/2023 3:36:03","6/10/2023 11:26:27",NA,NA,NA,NA,NA,NA,"Midshipman",NA,NA
"J:\MB02_12\MB02_12_df24\LTSA_MB02_12_df24_5s_1Hz.ltsa","8/13/2024 10:54","UF","Other","6/10/2023 2:22:03","6/10/2023 12:53:47",NA,NA,NA,NA,NA,NA,"Bocaccio",NA,NA
"J:\MB02_12\MB02_12_df24\LTSA_MB02_12_df24_5s_1Hz.ltsa","8/13/2024 10:54","UF","Other","6/11/2023 2:37:12","6/11/2023 4:00:42",NA,NA,NA,NA,NA,NA,"Bocaccio sunset",NA,NA
"J:\MB02_12\MB02_12_df24\LTSA_MB02_12_df24_5s_1Hz.ltsa","8/13/2024 10:54","UF","Other","6/11/2023 0:47:12","6/11/2023 2:41:02",NA,NA,NA,NA,NA,NA,"White Seabass",NA,NA
"J:\MB02_12\MB02_12_df24\LTSA_MB02_12_df24_5s_1Hz.ltsa","8/13/2024 10:54","UF","Other","6/11/2023 7:06:34","6/11/2023 12:12:01",NA,NA,NA,NA,NA,NA,"White Seabass",NA,NA
"J:\MB02_12\MB02_12_df24\LTSA_MB02_12_df24_5s_1Hz.ltsa","8/13/2024 10:55","UF","Other","6/11/2023 3:20:52","6/11/2023 11:24:31",NA,NA,NA,NA,NA,NA,"Midshipman",NA,NA
"J:\MB02_12\MB02_12_df24\LTSA_MB02_12_df24_5s_1Hz.ltsa","8/13/2024 10:55","UF","Other","6/11/2023 11:24:31","6/11/2023 12:51:51",NA,NA,NA,NA,NA,NA,"Bocaccio sunrise",NA,NA
"J:\MB02_12\MB02_12_df24\LTSA_MB02_12_df24_5s_1Hz.ltsa","8/13/2024 10:56","UF","Other","6/12/2023 3:28:25","6/12/2023 11:34:00",NA,NA,NA,NA,NA,NA,"Midshipman",NA,NA
"J:\MB02_12\MB02_12_df24\LTSA_MB02_12_df24_5s_1Hz.ltsa","8/13/2024 10:56","UF","Other","6/12/2023 2:33:25","6/12/2023 11:20:45",NA,NA,NA,NA,NA,NA,"White Seabass",NA,NA
"J:\MB02_12\MB02_12_df24\LTSA_MB02_12_df24_5s_1Hz.ltsa","8/13/2024 10:56","UF","Other","6/12/2023 2:48:35","6/12/2023 4:10:10",NA,NA,NA,NA,NA,NA,"Bocaccio sunset",NA,NA
"J:\MB02_12\MB02_12_df24\LTSA_MB02_12_df24_5s_1Hz.ltsa","8/13/2024 10:59","UF","Other","6/13/2023 3:28:24","6/13/2023 11:24:28",NA,NA,NA,NA,NA,NA,"Midshipman",NA,NA
"J:\MB02_12\MB02_12_df24\LTSA_MB02_12_df24_5s_1Hz.ltsa","8/13/2024 10:59","UF","Other","6/12/2023 23:00:54","6/13/2023 11:28:18",NA,NA,NA,NA,NA,NA,"White Seabass",NA,NA
"J:\MB02_12\MB02_12_df24\LTSA_MB02_12_df24_5s_1Hz.ltsa","8/13/2024 10:59","UF","Other","6/13/2023 2:58:04","6/13/2023 4:04:29",NA,NA,NA,NA,NA,NA,"Bocaccio sunset",NA,NA
"J:\MB02_12\MB02_12_df24\LTSA_MB02_12_df24_5s_1Hz.ltsa","8/13/2024 11:00","UF","Other","6/14/2023 3:20:48","6/14/2023 9:51:35",NA,NA,NA,NA,NA,NA,"White Seabass",NA,NA
"J:\MB02_12\MB02_12_df24\LTSA_MB02_12_df24_5s_1Hz.ltsa","8/13/2024 11:00","UF","Other","6/14/2023 3:32:13","6/14/2023 11:37:47",NA,NA,NA,NA,NA,NA,"Midshipman",NA,NA
"J:\MB02_12\MB02_12_df24\LTSA_MB02_12_df24_5s_1Hz.ltsa","8/13/2024 11:00","UF","Other","6/15/2023 1:36:32","6/15/2023 11:28:22",NA,NA,NA,NA,NA,NA,"White Seabass",NA,NA
"J:\MB02_12\MB02_12_df24\LTSA_MB02_12_df24_5s_1Hz.ltsa","8/13/2024 11:01","UF","Other","6/15/2023 2:52:22","6/15/2023 4:13:57",NA,NA,NA,NA,NA,NA,"Bocaccio sunset",NA,NA
"J:\MB02_12\MB02_12_df24\LTSA_MB02_12_df24_5s_1Hz.ltsa","8/13/2024 11:01","UF","Other","6/15/2023 3:41:42","6/15/2023 12:00:37",NA,NA,NA,NA,NA,NA,"Midshipman",NA,NA
"J:\MB02_12\MB02_12_df24\LTSA_MB02_12_df24_5s_1Hz.ltsa","8/13/2024 11:01","UF","Other","6/15/2023 10:40:57","6/15/2023 12:04:27",NA,NA,NA,NA,NA,NA,"Bocaccio sunrise",NA,NA
"J:\MB02_12\MB02_12_df24\LTSA_MB02_12_df24_5s_1Hz.ltsa","8/13/2024 11:02","UF","Other","6/16/2023 2:52:21","6/16/2023 4:04:31",NA,NA,NA,NA,NA,NA,"Bocaccio sunset",NA,NA
"J:\MB02_12\MB02_12_df24\LTSA_MB02_12_df24_5s_1Hz.ltsa","8/13/2024 11:02","UF","Other","6/16/2023 3:49:16","6/16/2023 11:45:26",NA,NA,NA,NA,NA,NA,"Midshipman",NA,NA
"J:\MB02_12\MB02_12_df24\LTSA_MB02_12_df24_5s_1Hz.ltsa","8/13/2024 11:02","UF","Other","6/16/2023 11:11:16","6/16/2023 12:21:26",NA,NA,NA,NA,NA,NA,"Bocaccio sunrise",NA,NA
"J:\MB02_12\MB02_12_df24\LTSA_MB02_12_df24_5s_1Hz.ltsa","8/13/2024 11:03","UF","Other","6/16/2023 2:31:31","6/16/2023 12:27:11",NA,NA,NA,NA,NA,NA,"Bocaccio",NA,NA
"J:\MB02_12\MB02_12_df24\LTSA_MB02_12_df24_5s_1Hz.ltsa","8/13/2024 11:04","UF","Other","6/15/2023 2:50:32","6/15/2023 12:27:12",NA,NA,NA,NA,NA,NA,"Bocaccio",NA,NA
"J:\MB02_12\MB02_12_df24\LTSA_MB02_12_df24_5s_1Hz.ltsa","8/13/2024 11:04","UF","Other","6/14/2023 2:46:38","6/14/2023 12:02:27",NA,NA,NA,NA,NA,NA,"Bocaccio",NA,NA
"J:\MB02_12\MB02_12_df24\LTSA_MB02_12_df24_5s_1Hz.ltsa","8/13/2024 11:04","UF","Other","6/13/2023 3:05:39","6/13/2023 12:32:48",NA,NA,NA,NA,NA,NA,"Bocaccio",NA,NA
"J:\MB02_12\MB02_12_df24\LTSA_MB02_12_df24_5s_1Hz.ltsa","8/13/2024 11:05","UF","Other","6/11/2023 2:35:22","6/11/2023 13:03:11",NA,NA,NA,NA,NA,NA,"Bocaccio",NA,NA
"J:\MB02_12\MB02_12_df24\LTSA_MB02_12_df24_5s_1Hz.ltsa","8/13/2024 11:06","UF","Other","6/17/2023 2:54:16","6/17/2023 4:15:51",NA,NA,NA,NA,NA,NA,"Bocaccio sunset",NA,NA
"J:\MB02_12\MB02_12_df24\LTSA_MB02_12_df24_5s_1Hz.ltsa","8/13/2024 11:06","UF","Other","6/17/2023 3:24:36","6/17/2023 11:43:30",NA,NA,NA,NA,NA,NA,"Midshipman",NA,NA
"J:\MB02_12\MB02_12_df24\LTSA_MB02_12_df24_5s_1Hz.ltsa","8/13/2024 11:06","UF","Other","6/17/2023 10:56:05","6/17/2023 12:15:45",NA,NA,NA,NA,NA,NA,"Bocaccio sunrise",NA,NA
"J:\MB02_12\MB02_12_df24\LTSA_MB02_12_df24_5s_1Hz.ltsa","8/13/2024 11:07","UF","Other","6/17/2023 2:50:31","6/17/2023 12:15:45",NA,NA,NA,NA,NA,NA,"Bocaccio",NA,NA
"J:\MB02_12\MB02_12_df24\LTSA_MB02_12_df24_5s_1Hz.ltsa","8/13/2024 11:07","UF","Other","6/17/2023 1:00:26","6/17/2023 3:17:01",NA,NA,NA,NA,NA,NA,"White Seabass",NA,NA
"J:\MB02_12\MB02_12_df24\LTSA_MB02_12_df24_5s_1Hz.ltsa","8/13/2024 11:10","UF","Other","6/18/2023 3:34:07","6/18/2023 11:32:10",NA,NA,NA,NA,NA,NA,"Midshipman",NA,NA
"J:\MB02_12\MB02_12_df24\LTSA_MB02_12_df24_5s_1Hz.ltsa","8/13/2024 11:10","UF","Other","6/18/2023 3:00:02","6/18/2023 4:34:49",NA,NA,NA,NA,NA,NA,"Bocaccio sunset",NA,NA
"J:\MB02_12\MB02_12_df24\LTSA_MB02_12_df24_5s_1Hz.ltsa","8/13/2024 11:10","UF","Other","6/18/2023 11:18:50","6/18/2023 12:25:15",NA,NA,NA,NA,NA,NA,"Bocaccio sunrise",NA,NA
"J:\MB02_12\MB02_12_df24\LTSA_MB02_12_df24_5s_1Hz.ltsa","8/13/2024 11:10","UF","Other","6/18/2023 13:03:10","6/18/2023 14:09:35",NA,NA,NA,NA,NA,NA,"White Seabass",NA,NA
"J:\MB02_12\MB02_12_df24\LTSA_MB02_12_df24_5s_1Hz.ltsa","8/13/2024 11:11","UF","Other","6/18/2023 2:56:12","6/18/2023 12:29:05",NA,NA,NA,NA,NA,NA,"Bocaccio",NA,NA
"J:\MB02_12\MB02_12_df24\LTSA_MB02_12_df24_5s_1Hz.ltsa","8/13/2024 11:12","UF","Other","6/18/2023 23:33:09","6/19/2023 11:51:03",NA,NA,NA,NA,NA,NA,"White Seabass",NA,NA
"J:\MB02_12\MB02_12_df24\LTSA_MB02_12_df24_5s_1Hz.ltsa","8/13/2024 11:12","UF","Other","6/19/2023 3:01:49","6/19/2023 4:10:09",NA,NA,NA,NA,NA,NA,"Bocaccio sunset",NA,NA
"J:\MB02_12\MB02_12_df24\LTSA_MB02_12_df24_5s_1Hz.ltsa","8/13/2024 11:12","UF","Other","6/19/2023 11:09:18","6/19/2023 12:21:23",NA,NA,NA,NA,NA,NA,"Bocaccio sunrise",NA,NA
"J:\MB02_12\MB02_12_df24\LTSA_MB02_12_df24_5s_1Hz.ltsa","8/13/2024 11:12","UF","Other","6/19/2023 3:05:39","6/19/2023 12:27:08",NA,NA,NA,NA,NA,NA,"Bocaccio",NA,NA
"J:\MB02_12\MB02_12_df24\LTSA_MB02_12_df24_5s_1Hz.ltsa","8/13/2024 11:12","UF","Other","6/19/2023 3:49:14","6/19/2023 11:47:18",NA,NA,NA,NA,NA,NA,"Midshipman",NA,NA
"J:\MB02_12\MB02_12_df24\LTSA_MB02_12_df24_5s_1Hz.ltsa","8/13/2024 11:13","UF","Other","6/19/2023 18:38:56","6/20/2023 11:43:31",NA,NA,NA,NA,NA,NA,"White Seabass",NA,NA
"J:\MB02_12\MB02_12_df24\LTSA_MB02_12_df24_5s_1Hz.ltsa","8/13/2024 11:13","UF","Other","6/20/2023 3:28:28","6/20/2023 11:54:56",NA,NA,NA,NA,NA,NA,"Midshipman",NA,NA
"J:\MB02_12\MB02_12_df24\LTSA_MB02_12_df24_5s_1Hz.ltsa","8/13/2024 11:13","UF","Other","6/20/2023 3:15:13","6/20/2023 4:00:43",NA,NA,NA,NA,NA,NA,"Bocaccio sunset",NA,NA
"J:\MB02_12\MB02_12_df24\LTSA_MB02_12_df24_5s_1Hz.ltsa","8/13/2024 11:14","UF","Other","6/20/2023 11:13:11","6/20/2023 12:12:01",NA,NA,NA,NA,NA,NA,"Bocaccio sunrise",NA,NA
"J:\MB02_12\MB02_12_df24\LTSA_MB02_12_df24_5s_1Hz.ltsa","8/13/2024 11:14","UF","Other","6/20/2023 3:07:38","6/20/2023 12:12:01",NA,NA,NA,NA,NA,NA,"Bocaccio",NA,NA
"J:\MB02_12\MB02_12_df24\LTSA_MB02_12_df24_5s_1Hz.ltsa","8/13/2024 11:14","UF","Other","6/20/2023 20:40:23","6/21/2023 9:09:51",NA,NA,NA,NA,NA,NA,"White Seabass",NA,NA
"J:\MB02_12\MB02_12_df24\LTSA_MB02_12_df24_5s_1Hz.ltsa","8/13/2024 11:14","UF","Other","6/21/2023 2:59:59","6/21/2023 4:02:34",NA,NA,NA,NA,NA,NA,"Bocaccio sunset",NA,NA
"J:\MB02_12\MB02_12_df24\LTSA_MB02_12_df24_5s_1Hz.ltsa","8/13/2024 11:14","UF","Other","6/21/2023 3:43:34","6/21/2023 11:43:27",NA,NA,NA,NA,NA,NA,"Midshipman",NA,NA
"J:\MB02_12\MB02_12_df24\LTSA_MB02_12_df24_5s_1Hz.ltsa","8/13/2024 11:14","UF","Other","6/21/2023 11:13:07","6/21/2023 12:04:22",NA,NA,NA,NA,NA,NA,"Bocaccio sunrise",NA,NA
"J:\MB02_12\MB02_12_df24\LTSA_MB02_12_df24_5s_1Hz.ltsa","8/13/2024 11:15","UF","Other","6/21/2023 3:03:44","6/21/2023 12:13:47",NA,NA,NA,NA,NA,NA,"Bocaccio",NA,NA
"J:\MB02_12\MB02_12_df24\LTSA_MB02_12_df24_5s_1Hz.ltsa","8/13/2024 11:16","UF","Other","6/22/2023 2:58:05","6/22/2023 4:21:30",NA,NA,NA,NA,NA,NA,"Bocaccio sunset",NA,NA
"J:\MB02_12\MB02_12_df24\LTSA_MB02_12_df24_5s_1Hz.ltsa","8/13/2024 11:16","UF","Other","6/22/2023 3:45:30","6/22/2023 11:16:53",NA,NA,NA,NA,NA,NA,"Midshipman",NA,NA
"J:\MB02_12\MB02_12_df24\LTSA_MB02_12_df24_5s_1Hz.ltsa","8/13/2024 11:16","UF","Other","6/22/2023 4:08:15","6/22/2023 11:54:53",NA,NA,NA,NA,NA,NA,"White Seabass",NA,NA
"J:\MB02_12\MB02_12_df24\LTSA_MB02_12_df24_5s_1Hz.ltsa","8/13/2024 11:16","UF","Other","6/22/2023 2:56:10","6/22/2023 12:34:43",NA,NA,NA,NA,NA,NA,"Bocaccio",NA,NA
"J:\MB02_12\MB02_12_df24\LTSA_MB02_12_df24_5s_1Hz.ltsa","8/13/2024 11:23","UF","Other","6/23/2023 3:05:41","6/23/2023 4:25:21",NA,NA,NA,NA,NA,NA,"Bocaccio sunset",NA,NA
"J:\MB02_12\MB02_12_df24\LTSA_MB02_12_df24_5s_1Hz.ltsa","8/13/2024 11:23","UF","Other","6/23/2023 3:49:16","6/23/2023 11:13:09",NA,NA,NA,NA,NA,NA,"Midshipman",NA,NA
"J:\MB02_12\MB02_12_df24\LTSA_MB02_12_df24_5s_1Hz.ltsa","8/13/2024 11:23","UF","Other","6/23/2023 4:27:16","6/23/2023 9:30:42",NA,NA,NA,NA,NA,NA,"White Seabass",NA,NA
"J:\MB02_12\MB02_12_df24\LTSA_MB02_12_df24_5s_1Hz.ltsa","8/13/2024 11:23","UF","Other","6/23/2023 3:05:41","6/23/2023 12:13:49",NA,NA,NA,NA,NA,NA,"Bocaccio",NA,NA
"J:\MB02_12\MB02_12_df24\LTSA_MB02_12_df24_5s_1Hz.ltsa","8/13/2024 11:24","UF","Other","6/24/2023 3:03:43","6/24/2023 4:46:05",NA,NA,NA,NA,NA,NA,"Bocaccio sunset",NA,NA
"J:\MB02_12\MB02_12_df24\LTSA_MB02_12_df24_5s_1Hz.ltsa","8/13/2024 11:24","UF","Other","6/24/2023 4:49:55","6/24/2023 12:02:27",NA,NA,NA,NA,NA,NA,"White Seabass",NA,NA
"J:\MB02_12\MB02_12_df24\LTSA_MB02_12_df24_5s_1Hz.ltsa","8/13/2024 11:24","UF","Other","6/24/2023 3:51:08","6/24/2023 11:35:52",NA,NA,NA,NA,NA,NA,"Midshipman",NA,NA
"J:\MB02_12\MB02_12_df24\LTSA_MB02_12_df24_5s_1Hz.ltsa","8/13/2024 11:25","UF","Other","6/24/2023 3:05:38","6/24/2023 12:15:42",NA,NA,NA,NA,NA,NA,"Bocaccio",NA,NA
"J:\MB02_12\MB02_12_df24\LTSA_MB02_12_df24_5s_1Hz.ltsa","8/13/2024 11:25","UF","Other","6/25/2023 3:07:36","6/25/2023 4:29:11",NA,NA,NA,NA,NA,NA,"Bocaccio sunset",NA,NA
"J:\MB02_12\MB02_12_df24\LTSA_MB02_12_df24_5s_1Hz.ltsa","8/13/2024 11:25","UF","Other","6/25/2023 4:02:36","6/25/2023 11:51:04",NA,NA,NA,NA,NA,NA,"Midshipman",NA,NA
"J:\MB02_12\MB02_12_df24\LTSA_MB02_12_df24_5s_1Hz.ltsa","8/13/2024 11:25","UF","Other","6/25/2023 4:40:27","6/25/2023 12:13:49",NA,NA,NA,NA,NA,NA,"White Seabass",NA,NA
"J:\MB02_12\MB02_12_df24\LTSA_MB02_12_df24_5s_1Hz.ltsa","8/13/2024 11:26","UF","Other","6/25/2023 3:28:26","6/25/2023 12:27:09",NA,NA,NA,NA,NA,NA,"Bocaccio",NA,NA
"J:\MB02_12\MB02_12_df24\LTSA_MB02_12_df24_5s_1Hz.ltsa","8/13/2024 11:26","UF","Other","6/26/2023 3:13:14","6/26/2023 4:29:09",NA,NA,NA,NA,NA,NA,"Bocaccio sunset",NA,NA
"J:\MB02_12\MB02_12_df24\LTSA_MB02_12_df24_5s_1Hz.ltsa","8/13/2024 11:27","UF","Other","6/26/2023 4:19:39","6/26/2023 7:17:57",NA,NA,NA,NA,NA,NA,"White Seabass",NA,NA
"J:\MB02_12\MB02_12_df24\LTSA_MB02_12_df24_5s_1Hz.ltsa","8/13/2024 11:27","UF","Other","6/26/2023 11:33:59","6/26/2023 12:19:34",NA,NA,NA,NA,NA,NA,"Bocaccio sunrise",NA,NA
"J:\MB02_12\MB02_12_df24\LTSA_MB02_12_df24_5s_1Hz.ltsa","8/13/2024 11:28","UF","Other","6/26/2023 3:03:44","6/26/2023 12:34:44",NA,NA,NA,NA,NA,NA,"Bocaccio",NA,NA
"J:\MB02_12\MB02_12_df24\LTSA_MB02_12_df24_5s_1Hz.ltsa","8/13/2024 11:28","UF","Other","6/26/2023 6:05:52","6/26/2023 11:54:54",NA,NA,NA,NA,NA,NA,"Midshipman",NA,NA
"J:\MB02_12\MB02_12_df24\LTSA_MB02_12_df24_5s_1Hz.ltsa","8/13/2024 11:28","UF","Other","6/27/2023 4:04:29","6/27/2023 11:35:53",NA,NA,NA,NA,NA,NA,"White Seabass",NA,NA
"J:\MB02_12\MB02_12_df24\LTSA_MB02_12_df24_5s_1Hz.ltsa","8/13/2024 11:28","UF","Other","6/27/2023 2:35:19","6/27/2023 4:21:29",NA,NA,NA,NA,NA,NA,"Bocaccio sunset",NA,NA
"J:\MB02_12\MB02_12_df24\LTSA_MB02_12_df24_5s_1Hz.ltsa","8/13/2024 11:29","UF","Other","6/27/2023 3:41:39","6/27/2023 12:02:28",NA,NA,NA,NA,NA,NA,"Midshipman",NA,NA
"J:\MB02_12\MB02_12_df24\LTSA_MB02_12_df24_5s_1Hz.ltsa","8/13/2024 11:29","UF","Other","6/27/2023 2:35:19","6/27/2023 12:44:13",NA,NA,NA,NA,NA,NA,"Bocaccio",NA,NA
"J:\MB02_12\MB02_12_df24\LTSA_MB02_12_df24_5s_1Hz.ltsa","8/13/2024 11:29","UF","Other","6/27/2023 11:24:28","6/27/2023 12:49:53",NA,NA,NA,NA,NA,NA,"Bocaccio sunrise",NA,NA
"J:\MB02_12\MB02_12_df24\LTSA_MB02_12_df24_5s_1Hz.ltsa","8/13/2024 11:29","UF","Other","6/27/2023 23:59:47","6/28/2023 1:09:57",NA,NA,NA,NA,NA,NA,"White Seabass",NA,NA
"J:\MB02_12\MB02_12_df24\LTSA_MB02_12_df24_5s_1Hz.ltsa","8/13/2024 11:29","UF","Other","6/28/2023 3:47:27","6/28/2023 10:14:24",NA,NA,NA,NA,NA,NA,"White Seabass",NA,NA
"J:\MB02_12\MB02_12_df24\LTSA_MB02_12_df24_5s_1Hz.ltsa","8/13/2024 11:30","UF","Other","6/28/2023 3:30:22","6/28/2023 11:22:40",NA,NA,NA,NA,NA,NA,"Midshipman",NA,NA
"J:\MB02_12\MB02_12_df24\LTSA_MB02_12_df24_5s_1Hz.ltsa","8/13/2024 11:30","UF","Other","6/28/2023 2:18:17","6/28/2023 4:06:22",NA,NA,NA,NA,NA,NA,"Bocaccio sunset",NA,NA
"J:\MB02_12\MB02_12_df24\LTSA_MB02_12_df24_5s_1Hz.ltsa","8/13/2024 11:30","UF","Other","6/28/2023 2:06:52","6/28/2023 12:29:05",NA,NA,NA,NA,NA,NA,"Bocaccio",NA,NA
"J:\MB02_12\MB02_12_df24\LTSA_MB02_12_df24_5s_1Hz.ltsa","8/13/2024 11:30","UF","Other","6/28/2023 11:34:00","6/28/2023 12:29:05",NA,NA,NA,NA,NA,NA,"Bocaccio sunrise",NA,NA
"J:\MB02_12\MB02_12_df24\LTSA_MB02_12_df24_5s_1Hz.ltsa","8/13/2024 11:31","UF","Other","6/29/2023 3:54:59","6/29/2023 8:26:11",NA,NA,NA,NA,NA,NA,"Midshipman",NA,NA
"J:\MB02_12\MB02_12_df24\LTSA_MB02_12_df24_5s_1Hz.ltsa","8/13/2024 11:31","UF","Other","6/29/2023 2:10:39","6/29/2023 4:06:19",NA,NA,NA,NA,NA,NA,"Bocaccio sunset",NA,NA
"J:\MB02_12\MB02_12_df24\LTSA_MB02_12_df24_5s_1Hz.ltsa","8/13/2024 11:31","UF","Other","6/29/2023 3:18:54","6/29/2023 11:22:38",NA,NA,NA,NA,NA,NA,"White Seabass",NA,NA
"J:\MB02_12\MB02_12_df24\LTSA_MB02_12_df24_5s_1Hz.ltsa","8/13/2024 11:31","UF","Other","6/29/2023 2:12:29","6/29/2023 12:29:03",NA,NA,NA,NA,NA,NA,"Bocaccio",NA,NA
"J:\MB02_12\MB02_12_df24\LTSA_MB02_12_df24_5s_1Hz.ltsa","8/13/2024 11:31","UF","Other","6/30/2023 2:31:33","6/30/2023 4:21:33",NA,NA,NA,NA,NA,NA,"Bocaccio sunset",NA,NA
"J:\MB02_12\MB02_12_df24\LTSA_MB02_12_df24_5s_1Hz.ltsa","8/13/2024 11:31","UF","Other","6/30/2023 2:35:23","6/30/2023 12:30:57",NA,NA,NA,NA,NA,NA,"Bocaccio",NA,NA
"J:\MB02_12\MB02_12_df24\LTSA_MB02_12_df24_5s_1Hz.ltsa","8/13/2024 11:32","UF","Other","6/30/2023 5:01:25","6/30/2023 10:54:12",NA,NA,NA,NA,NA,NA,"White Seabass",NA,NA
"J:\MB02_12\MB02_12_df24\LTSA_MB02_12_df24_5s_1Hz.ltsa","8/13/2024 11:32","UF","Other","6/30/2023 4:34:50","6/30/2023 11:28:22",NA,NA,NA,NA,NA,NA,"Midshipman",NA,NA
"J:\MB02_12\MB02_12_df24\LTSA_MB02_12_df24_5s_1Hz.ltsa","8/13/2024 11:32","UF","Other","7/1/2023 2:37:11","7/1/2023 11:34:00",NA,NA,NA,NA,NA,NA,"White Seabass",NA,NA
"J:\MB02_12\MB02_12_df24\LTSA_MB02_12_df24_5s_1Hz.ltsa","8/13/2024 11:32","UF","Other","7/1/2023 2:41:01","7/1/2023 3:58:46",NA,NA,NA,NA,NA,NA,"Bocaccio sunset",NA,NA
"J:\MB02_12\MB02_12_df24\LTSA_MB02_12_df24_5s_1Hz.ltsa","8/13/2024 11:33","UF","Other","7/1/2023 3:56:56","7/1/2023 10:46:35",NA,NA,NA,NA,NA,NA,"Midshipman",NA,NA
"J:\MB02_12\MB02_12_df24\LTSA_MB02_12_df24_5s_1Hz.ltsa","8/13/2024 11:33","UF","Other","7/1/2023 2:39:06","7/1/2023 12:19:35",NA,NA,NA,NA,NA,NA,"Bocaccio",NA,NA
"J:\MB02_12\MB02_12_df24\LTSA_MB02_12_df24_5s_1Hz.ltsa","8/13/2024 11:33","UF","Other","7/2/2023 4:08:13","7/2/2023 11:15:01",NA,NA,NA,NA,NA,NA,"Midshipman",NA,NA
"J:\MB02_12\MB02_12_df24\LTSA_MB02_12_df24_5s_1Hz.ltsa","8/13/2024 11:33","UF","Other","7/2/2023 1:25:03","7/2/2023 9:42:04",NA,NA,NA,NA,NA,NA,"White Seabass",NA,NA
"J:\MB02_12\MB02_12_df24\LTSA_MB02_12_df24_5s_1Hz.ltsa","8/13/2024 11:34","UF","Other","7/2/2023 2:52:18","7/2/2023 12:46:01",NA,NA,NA,NA,NA,NA,"Bocaccio",NA,NA
"J:\MB02_12\MB02_12_df24\LTSA_MB02_12_df24_5s_1Hz.ltsa","8/13/2024 11:34","UF","Other","7/2/2023 2:50:28","7/2/2023 3:54:58",NA,NA,NA,NA,NA,NA,"Off Effort",NA,NA
"J:\MB02_12\MB02_12_df24\LTSA_MB02_12_df24_5s_1Hz.ltsa","8/13/2024 11:34","UF","Other","7/2/2023 11:45:21","7/2/2023 12:38:26",NA,NA,NA,NA,NA,NA,"Bocaccio sunrise",NA,NA
"J:\MB02_12\MB02_12_df24\LTSA_MB02_12_df24_5s_1Hz.ltsa","8/13/2024 11:34","UF","Other","7/2/2023 23:06:36","7/3/2023 12:23:20",NA,NA,NA,NA,NA,NA,"White Seabass",NA,NA
"J:\MB02_12\MB02_12_df24\LTSA_MB02_12_df24_5s_1Hz.ltsa","8/13/2024 11:34","UF","Other","7/3/2023 4:53:48","7/3/2023 11:28:20",NA,NA,NA,NA,NA,NA,"Midshipman",NA,NA
"J:\MB02_12\MB02_12_df24\LTSA_MB02_12_df24_5s_1Hz.ltsa","8/13/2024 11:35","UF","Other","7/3/2023 8:30:03","7/3/2023 12:34:45",NA,NA,NA,NA,NA,NA,"Bocaccio",NA,NA
"J:\MB02_12\MB02_12_df24\LTSA_MB02_12_df24_5s_1Hz.ltsa","8/13/2024 11:35","UF","Other","7/3/2023 23:04:41","7/4/2023 12:12:01",NA,NA,NA,NA,NA,NA,"White Seabass",NA,NA
"J:\MB02_12\MB02_12_df24\LTSA_MB02_12_df24_5s_1Hz.ltsa","8/13/2024 11:35","UF","Other","7/4/2023 4:08:16","7/4/2023 8:03:28",NA,NA,NA,NA,NA,NA,"Midshipman",NA,NA
"J:\MB02_12\MB02_12_df24\LTSA_MB02_12_df24_5s_1Hz.ltsa","8/13/2024 11:40","UF","Other","7/4/2023 9:15:33","7/4/2023 12:25:16",NA,NA,NA,NA,NA,NA,"Bocaccio",NA,NA
"J:\MB02_12\MB02_12_df24\LTSA_MB02_12_df24_5s_1Hz.ltsa","8/13/2024 11:40","UF","Other","7/4/2023 23:23:40","7/5/2023 14:24:45",NA,NA,NA,NA,NA,NA,"White Seabass",NA,NA
"J:\MB02_12\MB02_12_df24\LTSA_MB02_12_df24_5s_1Hz.ltsa","8/13/2024 11:40","UF","Other","7/5/2023 3:47:25","7/5/2023 10:40:55",NA,NA,NA,NA,NA,NA,"Midshipman",NA,NA
"J:\MB02_12\MB02_12_df24\LTSA_MB02_12_df24_5s_1Hz.ltsa","8/13/2024 11:40","UF","Other","7/5/2023 3:01:50","7/5/2023 3:58:45",NA,NA,NA,NA,NA,NA,"Bocaccio sunset",NA,NA
"J:\MB02_12\MB02_12_df24\LTSA_MB02_12_df24_5s_1Hz.ltsa","8/13/2024 11:40","UF","Other","7/5/2023 3:01:50","7/5/2023 12:32:50",NA,NA,NA,NA,NA,NA,"Bocaccio",NA,NA
"J:\MB02_12\MB02_12_df24\LTSA_MB02_12_df24_5s_1Hz.ltsa","8/13/2024 11:41","UF","Other","7/6/2023 4:00:39","7/6/2023 11:54:53",NA,NA,NA,NA,NA,NA,"Midshipman",NA,NA
"J:\MB02_12\MB02_12_df24\LTSA_MB02_12_df24_5s_1Hz.ltsa","8/13/2024 11:41","UF","Other","7/5/2023 23:06:34","7/6/2023 12:10:03",NA,NA,NA,NA,NA,NA,"White Seabass",NA,NA
"J:\MB02_12\MB02_12_df24\LTSA_MB02_12_df24_5s_1Hz.ltsa","8/13/2024 11:41","UF","Other","7/6/2023 2:58:04","7/6/2023 4:06:19",NA,NA,NA,NA,NA,NA,"Bocaccio sunset",NA,NA
"J:\MB02_12\MB02_12_df24\LTSA_MB02_12_df24_5s_1Hz.ltsa","8/13/2024 11:41","UF","Other","7/6/2023 2:56:09","7/6/2023 12:46:03",NA,NA,NA,NA,NA,NA,"Bocaccio",NA,NA
"J:\MB02_12\MB02_12_df24\LTSA_MB02_12_df24_5s_1Hz.ltsa","8/13/2024 11:42","UF","Other","7/6/2023 11:33:58","7/6/2023 12:49:53",NA,NA,NA,NA,NA,NA,"Bocaccio sunrise",NA,NA
"J:\MB02_12\MB02_12_df24\LTSA_MB02_12_df24_5s_1Hz.ltsa","8/13/2024 11:43","UF","Other","7/7/2023 2:14:27","7/7/2023 15:10:20",NA,NA,NA,NA,NA,NA,"White Seabass",NA,NA
"J:\MB02_12\MB02_12_df24\LTSA_MB02_12_df24_5s_1Hz.ltsa","8/13/2024 11:43","UF","Other","7/7/2023 2:48:37","7/7/2023 4:08:17",NA,NA,NA,NA,NA,NA,"Bocaccio sunset",NA,NA
"J:\MB02_12\MB02_12_df24\LTSA_MB02_12_df24_5s_1Hz.ltsa","8/13/2024 11:44","UF","Other","7/7/2023 2:52:22","7/7/2023 12:27:10",NA,NA,NA,NA,NA,NA,"Bocaccio",NA,NA
"J:\MB02_12\MB02_12_df24\LTSA_MB02_12_df24_5s_1Hz.ltsa","8/13/2024 11:44","UF","Other","7/7/2023 3:37:57","7/7/2023 9:47:48",NA,NA,NA,NA,NA,NA,"Midshipman",NA,NA
"J:\MB02_12\MB02_12_df24\LTSA_MB02_12_df24_5s_1Hz.ltsa","8/13/2024 11:44","UF","Other","7/7/2023 23:17:59","7/8/2023 14:36:07",NA,NA,NA,NA,NA,NA,"White Seabass",NA,NA
"J:\MB02_12\MB02_12_df24\LTSA_MB02_12_df24_5s_1Hz.ltsa","8/13/2024 11:44","UF","Other","7/8/2023 16:46:59","7/8/2023 20:30:49",NA,NA,NA,NA,NA,NA,"White Seabass",NA,NA
"J:\MB02_12\MB02_12_df24\LTSA_MB02_12_df24_5s_1Hz.ltsa","8/13/2024 11:45","UF","Other","7/8/2023 3:05:39","7/8/2023 3:58:44",NA,NA,NA,NA,NA,NA,"Bocaccio sunset",NA,NA
"J:\MB02_12\MB02_12_df24\LTSA_MB02_12_df24_5s_1Hz.ltsa","8/13/2024 11:45","UF","Other","7/8/2023 3:56:54","7/8/2023 10:35:12",NA,NA,NA,NA,NA,NA,"Midshipman",NA,NA
"J:\MB02_12\MB02_12_df24\LTSA_MB02_12_df24_5s_1Hz.ltsa","8/13/2024 11:46","UF","Other","7/8/2023 3:09:24","7/8/2023 12:53:42",NA,NA,NA,NA,NA,NA,"Bocaccio",NA,NA
"J:\MB02_12\MB02_12_df24\LTSA_MB02_12_df24_5s_1Hz.ltsa","8/13/2024 11:49","UF","Other","7/8/2023 11:51:02","7/8/2023 12:27:07",NA,NA,NA,NA,NA,NA,"Bocaccio sunrise",NA,NA
"J:\MB02_12\MB02_12_df24\LTSA_MB02_12_df24_5s_1Hz.ltsa","8/13/2024 11:49","UF","Other","7/8/2023 23:42:41","7/9/2023 12:38:31",NA,NA,NA,NA,NA,NA,"White Seabass",NA,NA
"J:\MB02_12\MB02_12_df24\LTSA_MB02_12_df24_5s_1Hz.ltsa","8/13/2024 11:49","UF","Other","7/9/2023 3:58:46","7/9/2023 10:37:06",NA,NA,NA,NA,NA,NA,"Midshipman",NA,NA
"J:\MB02_12\MB02_12_df24\LTSA_MB02_12_df24_5s_1Hz.ltsa","8/13/2024 11:50","UF","Other","7/9/2023 3:18:56","7/9/2023 12:25:16",NA,NA,NA,NA,NA,NA,"Bocaccio",NA,NA
"J:\MB02_12\MB02_12_df24\LTSA_MB02_12_df24_5s_1Hz.ltsa","8/13/2024 11:50","UF","Other","7/9/2023 11:45:26","7/9/2023 12:25:16",NA,NA,NA,NA,NA,NA,"Bocaccio sunrise",NA,NA
"J:\MB02_12\MB02_12_df24\LTSA_MB02_12_df24_5s_1Hz.ltsa","8/13/2024 14:18","UF","Other","7/10/2023 3:05:41","7/10/2023 12:34:46",NA,NA,NA,NA,NA,NA,"Bocaccio",NA,NA
"J:\MB02_12\MB02_12_df24\LTSA_MB02_12_df24_5s_1Hz.ltsa","8/13/2024 14:18","UF","Other","7/10/2023 3:05:41","7/10/2023 4:15:51",NA,NA,NA,NA,NA,NA,"Bocaccio sunset",NA,NA
"J:\MB02_12\MB02_12_df24\LTSA_MB02_12_df24_5s_1Hz.ltsa","8/13/2024 14:18","UF","Other","7/10/2023 11:35:56","7/10/2023 12:38:31",NA,NA,NA,NA,NA,NA,"Bocaccio sunrise",NA,NA
"J:\MB02_12\MB02_12_df24\LTSA_MB02_12_df24_5s_1Hz.ltsa","8/13/2024 14:19","UF","Other","7/10/2023 0:26:16","7/10/2023 1:25:06",NA,NA,NA,NA,NA,NA,"White Seabass",NA,NA
"J:\MB02_12\MB02_12_df24\LTSA_MB02_12_df24_5s_1Hz.ltsa","8/13/2024 14:19","UF","Other","7/10/2023 3:39:51","7/10/2023 9:44:04",NA,NA,NA,NA,NA,NA,"White Seabass",NA,NA
"J:\MB02_12\MB02_12_df24\LTSA_MB02_12_df24_5s_1Hz.ltsa","8/13/2024 14:19","UF","Other","7/10/2023 4:02:36","7/10/2023 11:22:41",NA,NA,NA,NA,NA,NA,"Midshipman",NA,NA
"J:\MB02_12\MB02_12_df24\LTSA_MB02_12_df24_5s_1Hz.ltsa","8/13/2024 14:20","UF","Other","7/10/2023 22:22:53","7/11/2023 0:39:35",NA,NA,NA,NA,NA,NA,"White Seabass",NA,NA
"J:\MB02_12\MB02_12_df24\LTSA_MB02_12_df24_5s_1Hz.ltsa","8/13/2024 14:20","UF","Other","7/11/2023 1:53:35","7/11/2023 9:42:07",NA,NA,NA,NA,NA,NA,"White Seabass",NA,NA
"J:\MB02_12\MB02_12_df24\LTSA_MB02_12_df24_5s_1Hz.ltsa","8/13/2024 14:20","UF","Other","7/11/2023 2:41:00","7/11/2023 12:30:55",NA,NA,NA,NA,NA,NA,"Bocaccio",NA,NA
"J:\MB02_12\MB02_12_df24\LTSA_MB02_12_df24_5s_1Hz.ltsa","8/13/2024 14:20","UF","Other","7/11/2023 2:46:40","7/11/2023 3:58:45",NA,NA,NA,NA,NA,NA,"Bocaccio sunset",NA,NA
"J:\MB02_12\MB02_12_df24\LTSA_MB02_12_df24_5s_1Hz.ltsa","8/13/2024 14:21","UF","Other","7/11/2023 11:30:15","7/11/2023 12:34:45",NA,NA,NA,NA,NA,NA,"Off Effort",NA,NA
"J:\MB02_12\MB02_12_df24\LTSA_MB02_12_df24_5s_1Hz.ltsa","8/13/2024 14:21","UF","Other","7/11/2023 3:45:30","7/11/2023 7:27:27",NA,NA,NA,NA,NA,NA,"Midshipman",NA,NA
"J:\MB02_12\MB02_12_df24\LTSA_MB02_12_df24_5s_1Hz.ltsa","8/13/2024 14:22","UF","Other","7/11/2023 23:18:00","7/12/2023 12:02:30",NA,NA,NA,NA,NA,NA,"White Seabass",NA,NA
"J:\MB02_12\MB02_12_df24\LTSA_MB02_12_df24_5s_1Hz.ltsa","8/13/2024 14:23","UF","Other","7/12/2023 2:29:35","7/12/2023 4:04:30",NA,NA,NA,NA,NA,NA,"Bocaccio sunset",NA,NA
"J:\MB02_12\MB02_12_df24\LTSA_MB02_12_df24_5s_1Hz.ltsa","8/13/2024 14:23","UF","Other","7/12/2023 2:27:40","7/12/2023 12:44:15",NA,NA,NA,NA,NA,NA,"Bocaccio",NA,NA
"J:\MB02_12\MB02_12_df24\LTSA_MB02_12_df24_5s_1Hz.ltsa","8/13/2024 14:23","UF","Other","7/12/2023 3:45:30","7/12/2023 9:32:38",NA,NA,NA,NA,NA,NA,"Midshipman",NA,NA
"J:\MB02_12\MB02_12_df24\LTSA_MB02_12_df24_5s_1Hz.ltsa","8/13/2024 14:25","UF","Other","7/12/2023 11:32:10","7/12/2023 12:44:15",NA,NA,NA,NA,NA,NA,"Bocaccio sunrise",NA,NA
"J:\MB02_12\MB02_12_df24\LTSA_MB02_12_df24_5s_1Hz.ltsa","8/13/2024 14:25","UF","Other","7/13/2023 2:54:14","7/13/2023 12:27:09",NA,NA,NA,NA,NA,NA,"Bocaccio",NA,NA
"J:\MB02_12\MB02_12_df24\LTSA_MB02_12_df24_5s_1Hz.ltsa","8/13/2024 14:25","UF","Other","7/13/2023 2:59:59","7/13/2023 4:13:54",NA,NA,NA,NA,NA,NA,"Bocaccio sunset",NA,NA
"J:\MB02_12\MB02_12_df24\LTSA_MB02_12_df24_5s_1Hz.ltsa","8/13/2024 14:25","UF","Other","7/13/2023 11:24:29","7/13/2023 12:27:09",NA,NA,NA,NA,NA,NA,"Bocaccio sunrise",NA,NA
"J:\MB02_12\MB02_12_df24\LTSA_MB02_12_df24_5s_1Hz.ltsa","8/13/2024 14:25","UF","Other","7/13/2023 3:20:49","7/13/2023 8:54:42",NA,NA,NA,NA,NA,NA,"White Seabass",NA,NA
"J:\MB02_12\MB02_12_df24\LTSA_MB02_12_df24_5s_1Hz.ltsa","8/13/2024 14:26","UF","Other","7/13/2023 6:07:42","7/13/2023 8:33:47",NA,NA,NA,NA,NA,NA,"Midshipman",NA,NA
"J:\MB02_12\MB02_12_df24\LTSA_MB02_12_df24_5s_1Hz.ltsa","8/13/2024 14:27","UF","Other","7/14/2023 3:05:43","7/14/2023 12:29:08",NA,NA,NA,NA,NA,NA,"Bocaccio",NA,NA
"J:\MB02_12\MB02_12_df24\LTSA_MB02_12_df24_5s_1Hz.ltsa","8/13/2024 14:27","UF","Other","7/14/2023 3:07:38","7/14/2023 4:13:58",NA,NA,NA,NA,NA,NA,"Bocaccio sunset",NA,NA
"J:\MB02_12\MB02_12_df24\LTSA_MB02_12_df24_5s_1Hz.ltsa","8/13/2024 14:28","UF","Other","7/14/2023 4:42:25","7/14/2023 8:24:25",NA,NA,NA,NA,NA,NA,"White Seabass",NA,NA
"J:\MB02_12\MB02_12_df24\LTSA_MB02_12_df24_5s_1Hz.ltsa","8/13/2024 14:28","UF","Other","7/14/2023 4:21:33","7/14/2023 9:51:40",NA,NA,NA,NA,NA,NA,"Midshipman",NA,NA
"J:\MB02_12\MB02_12_df24\LTSA_MB02_12_df24_5s_1Hz.ltsa","8/13/2024 14:29","UF","Other","7/15/2023 2:56:12","7/15/2023 4:10:12",NA,NA,NA,NA,NA,NA,"Bocaccio sunset",NA,NA
"J:\MB02_12\MB02_12_df24\LTSA_MB02_12_df24_5s_1Hz.ltsa","8/13/2024 14:29","UF","Other","7/15/2023 2:52:22","7/15/2023 12:23:21",NA,NA,NA,NA,NA,NA,"Bocaccio",NA,NA
"J:\MB02_12\MB02_12_df24\LTSA_MB02_12_df24_5s_1Hz.ltsa","8/13/2024 14:29","UF","Other","7/15/2023 4:13:57","7/15/2023 11:05:36",NA,NA,NA,NA,NA,NA,"Midshipman",NA,NA
"J:\MB02_12\MB02_12_df24\LTSA_MB02_12_df24_5s_1Hz.ltsa","8/13/2024 14:29","UF","Other","7/15/2023 5:56:24","7/15/2023 7:57:49",NA,NA,NA,NA,NA,NA,"White Seabass",NA,NA
"J:\MB02_12\MB02_12_df24\LTSA_MB02_12_df24_5s_1Hz.ltsa","8/13/2024 14:30","UF","Other","7/15/2023 23:00:55","7/16/2023 3:49:15",NA,NA,NA,NA,NA,NA,"White Seabass",NA,NA
"J:\MB02_12\MB02_12_df24\LTSA_MB02_12_df24_5s_1Hz.ltsa","8/13/2024 14:30","UF","Other","7/16/2023 5:41:12","7/16/2023 8:52:47",NA,NA,NA,NA,NA,NA,"White Seabass",NA,NA
"J:\MB02_12\MB02_12_df24\LTSA_MB02_12_df24_5s_1Hz.ltsa","8/13/2024 14:30","UF","Other","7/16/2023 2:39:05","7/16/2023 4:00:40",NA,NA,NA,NA,NA,NA,"Bocaccio sunset",NA,NA
"J:\MB02_12\MB02_12_df24\LTSA_MB02_12_df24_5s_1Hz.ltsa","8/13/2024 14:30","UF","Other","7/16/2023 2:37:10","7/16/2023 12:25:14",NA,NA,NA,NA,NA,NA,"Bocaccio",NA,NA
"J:\MB02_12\MB02_12_df24\LTSA_MB02_12_df24_5s_1Hz.ltsa","8/13/2024 14:30","UF","Other","7/16/2023 4:08:15","7/16/2023 10:59:49",NA,NA,NA,NA,NA,NA,"Midshipman",NA,NA
"J:\MB02_12\MB02_12_df24\LTSA_MB02_12_df24_5s_1Hz.ltsa","8/13/2024 14:31","UF","Other","7/16/2023 23:00:58","7/17/2023 3:55:03",NA,NA,NA,NA,NA,NA,"White Seabass",NA,NA
"J:\MB02_12\MB02_12_df24\LTSA_MB02_12_df24_5s_1Hz.ltsa","8/13/2024 14:31","UF","Other","7/17/2023 4:59:31","7/17/2023 7:29:21",NA,NA,NA,NA,NA,NA,"White Seabass",NA,NA
"J:\MB02_12\MB02_12_df24\LTSA_MB02_12_df24_5s_1Hz.ltsa","8/13/2024 14:31","UF","Other","7/17/2023 2:22:03","7/17/2023 3:53:08",NA,NA,NA,NA,NA,NA,"Bocaccio sunset",NA,NA
"J:\MB02_12\MB02_12_df24\LTSA_MB02_12_df24_5s_1Hz.ltsa","8/13/2024 14:31","UF","Other","7/17/2023 11:16:58","7/17/2023 12:32:53",NA,NA,NA,NA,NA,NA,"Bocaccio sunrise",NA,NA
"J:\MB02_12\MB02_12_df24\LTSA_MB02_12_df24_5s_1Hz.ltsa","8/13/2024 14:32","UF","Other","7/17/2023 3:58:48","7/17/2023 11:56:53",NA,NA,NA,NA,NA,NA,"Midshipman",NA,NA
"J:\MB02_12\MB02_12_df24\LTSA_MB02_12_df24_5s_1Hz.ltsa","8/13/2024 14:32","UF","Other","7/17/2023 2:22:03","7/17/2023 12:25:18",NA,NA,NA,NA,NA,NA,"Bocaccio",NA,NA
"J:\MB02_12\MB02_12_df24\LTSA_MB02_12_df24_5s_1Hz.ltsa","8/13/2024 14:32","UF","Other","7/18/2023 3:45:28","7/18/2023 11:45:23",NA,NA,NA,NA,NA,NA,"Midshipman",NA,NA
"J:\MB02_12\MB02_12_df24\LTSA_MB02_12_df24_5s_1Hz.ltsa","8/13/2024 14:32","UF","Other","7/18/2023 2:02:58","7/18/2023 13:01:18",NA,NA,NA,NA,NA,NA,"Bocaccio",NA,NA
"J:\MB02_12\MB02_12_df24\LTSA_MB02_12_df24_5s_1Hz.ltsa","8/13/2024 14:32","UF","Other","7/18/2023 2:27:38","7/18/2023 4:17:43",NA,NA,NA,NA,NA,NA,"Bocaccio sunset",NA,NA
"J:\MB02_12\MB02_12_df24\LTSA_MB02_12_df24_5s_1Hz.ltsa","8/13/2024 14:33","UF","Other","7/18/2023 11:28:18","7/18/2023 13:05:03",NA,NA,NA,NA,NA,NA,"Bocaccio sunrise",NA,NA
"J:\MB02_12\MB02_12_df24\LTSA_MB02_12_df24_5s_1Hz.ltsa","8/13/2024 14:33","UF","Other","7/17/2023 23:10:23","7/18/2023 10:18:11",NA,NA,NA,NA,NA,NA,"White Seabass",NA,NA
"J:\MB02_12\MB02_12_df24\LTSA_MB02_12_df24_5s_1Hz.ltsa","8/13/2024 14:36","UF","Other","7/19/2023 3:32:17","7/19/2023 10:46:34",NA,NA,NA,NA,NA,NA,"Midshipman",NA,NA
"J:\MB02_12\MB02_12_df24\LTSA_MB02_12_df24_5s_1Hz.ltsa","8/13/2024 14:36","UF","Other","7/18/2023 23:00:57","7/19/2023 9:51:38",NA,NA,NA,NA,NA,NA,"White Seabass",NA,NA
"J:\MB02_12\MB02_12_df24\LTSA_MB02_12_df24_5s_1Hz.ltsa","8/13/2024 14:36","UF","Other","7/19/2023 2:14:27","7/19/2023 3:28:27",NA,NA,NA,NA,NA,NA,"Bocaccio sunset",NA,NA
"J:\MB02_12\MB02_12_df24\LTSA_MB02_12_df24_5s_1Hz.ltsa","8/13/2024 14:36","UF","Other","7/19/2023 1:44:07","7/19/2023 13:03:09",NA,NA,NA,NA,NA,NA,"Bocaccio",NA,NA
"J:\MB02_12\MB02_12_df24\LTSA_MB02_12_df24_5s_1Hz.ltsa","8/13/2024 14:36","UF","Other","7/19/2023 11:15:04","7/19/2023 12:40:24",NA,NA,NA,NA,NA,NA,"Bocaccio sunrise",NA,NA
"J:\MB02_12\MB02_12_df24\LTSA_MB02_12_df24_5s_1Hz.ltsa","8/13/2024 14:37","UF","Other","7/20/2023 4:08:17","7/20/2023 10:23:53",NA,NA,NA,NA,NA,NA,"Midshipman",NA,NA
"J:\MB02_12\MB02_12_df24\LTSA_MB02_12_df24_5s_1Hz.ltsa","8/13/2024 14:37","UF","Other","7/20/2023 1:57:22","7/20/2023 3:34:07",NA,NA,NA,NA,NA,NA,"Bocaccio sunset",NA,NA
"J:\MB02_12\MB02_12_df24\LTSA_MB02_12_df24_5s_1Hz.ltsa","8/13/2024 14:37","UF","Other","7/19/2023 23:06:37","7/20/2023 10:50:24",NA,NA,NA,NA,NA,NA,"White Seabass",NA,NA
"J:\MB02_12\MB02_12_df24\LTSA_MB02_12_df24_5s_1Hz.ltsa","8/13/2024 14:37","UF","Other","7/20/2023 1:51:42","7/20/2023 13:27:49",NA,NA,NA,NA,NA,NA,"Bocaccio",NA,NA
"J:\MB02_12\MB02_12_df24\LTSA_MB02_12_df24_5s_1Hz.ltsa","8/13/2024 14:37","UF","Other","7/20/2023 11:41:34","7/20/2023 13:16:29",NA,NA,NA,NA,NA,NA,"Bocaccio sunrise",NA,NA
"J:\MB02_12\MB02_12_df24\LTSA_MB02_12_df24_5s_1Hz.ltsa","8/13/2024 14:38","UF","Other","7/21/2023 2:31:32","7/21/2023 3:28:27",NA,NA,NA,NA,NA,NA,"Bocaccio sunset",NA,NA
"J:\MB02_12\MB02_12_df24\LTSA_MB02_12_df24_5s_1Hz.ltsa","8/13/2024 14:38","UF","Other","7/21/2023 1:47:52","7/21/2023 12:53:45",NA,NA,NA,NA,NA,NA,"Bocaccio",NA,NA
"J:\MB02_12\MB02_12_df24\LTSA_MB02_12_df24_5s_1Hz.ltsa","8/13/2024 14:38","UF","Other","7/20/2023 23:02:52","7/21/2023 8:35:44",NA,NA,NA,NA,NA,NA,"White Seabass",NA,NA
"J:\MB02_12\MB02_12_df24\LTSA_MB02_12_df24_5s_1Hz.ltsa","8/13/2024 14:38","UF","Other","7/21/2023 3:39:52","7/21/2023 11:15:05",NA,NA,NA,NA,NA,NA,"Midshipman",NA,NA
"J:\MB02_12\MB02_12_df24\LTSA_MB02_12_df24_5s_1Hz.ltsa","8/13/2024 14:39","UF","Other","7/21/2023 23:04:39","7/22/2023 10:23:51",NA,NA,NA,NA,NA,NA,"White Seabass",NA,NA
"J:\MB02_12\MB02_12_df24\LTSA_MB02_12_df24_5s_1Hz.ltsa","8/13/2024 14:40","UF","Other","7/22/2023 2:40:59","7/22/2023 12:57:28",NA,NA,NA,NA,NA,NA,"Bocaccio",NA,NA
"J:\MB02_12\MB02_12_df24\LTSA_MB02_12_df24_5s_1Hz.ltsa","8/13/2024 14:40","UF","Other","7/22/2023 2:54:14","7/22/2023 4:10:09",NA,NA,NA,NA,NA,NA,"Bocaccio sunset",NA,NA
"J:\MB02_12\MB02_12_df24\LTSA_MB02_12_df24_5s_1Hz.ltsa","8/13/2024 14:40","UF","Other","7/22/2023 3:09:24","7/22/2023 9:57:16",NA,NA,NA,NA,NA,NA,"Midshipman",NA,NA
"J:\MB02_12\MB02_12_df24\LTSA_MB02_12_df24_5s_1Hz.ltsa","8/13/2024 14:43","UF","Other","7/22/2023 11:43:28","7/22/2023 12:49:53",NA,NA,NA,NA,NA,NA,"Bocaccio sunrise",NA,NA
"J:\MB02_12\MB02_12_df24\LTSA_MB02_12_df24_5s_1Hz.ltsa","8/13/2024 14:43","UF","Other","7/23/2023 2:54:17","7/23/2023 3:37:57",NA,NA,NA,NA,NA,NA,"Bocaccio sunset",NA,NA
"J:\MB02_12\MB02_12_df24\LTSA_MB02_12_df24_5s_1Hz.ltsa","8/13/2024 14:43","UF","Other","7/23/2023 2:52:22","7/23/2023 12:36:41",NA,NA,NA,NA,NA,NA,"Bocaccio",NA,NA
"J:\MB02_12\MB02_12_df24\LTSA_MB02_12_df24_5s_1Hz.ltsa","8/13/2024 14:43","UF","Other","7/23/2023 4:38:34","7/23/2023 9:59:14",NA,NA,NA,NA,NA,NA,"Midshipman",NA,NA
"J:\MB02_12\MB02_12_df24\LTSA_MB02_12_df24_5s_1Hz.ltsa","8/13/2024 14:43","UF","Other","7/22/2023 23:04:42","7/23/2023 10:02:59",NA,NA,NA,NA,NA,NA,"White Seabass",NA,NA
"J:\MB02_12\MB02_12_df24\LTSA_MB02_12_df24_5s_1Hz.ltsa","8/13/2024 14:45","UF","Other","7/23/2023 23:02:50","7/24/2023 6:21:02",NA,NA,NA,NA,NA,NA,"White Seabass",NA,NA
"J:\MB02_12\MB02_12_df24\LTSA_MB02_12_df24_5s_1Hz.ltsa","8/13/2024 14:45","UF","Other","7/24/2023 2:22:00","7/24/2023 3:45:30",NA,NA,NA,NA,NA,NA,"Bocaccio sunset",NA,NA
"J:\MB02_12\MB02_12_df24\LTSA_MB02_12_df24_5s_1Hz.ltsa","8/13/2024 14:45","UF","Other","7/24/2023 3:41:40","7/24/2023 11:13:09",NA,NA,NA,NA,NA,NA,"Midshipman",NA,NA
"J:\MB02_12\MB02_12_df24\LTSA_MB02_12_df24_5s_1Hz.ltsa","8/13/2024 14:45","UF","Other","7/24/2023 2:18:15","7/24/2023 12:49:54",NA,NA,NA,NA,NA,NA,"Bocaccio",NA,NA
"J:\MB02_12\MB02_12_df24\LTSA_MB02_12_df24_5s_1Hz.ltsa","8/13/2024 14:46","UF","Other","7/24/2023 11:20:44","7/24/2023 12:49:54",NA,NA,NA,NA,NA,NA,"Bocaccio sunrise",NA,NA
"J:\MB02_12\MB02_12_df24\LTSA_MB02_12_df24_5s_1Hz.ltsa","8/13/2024 14:46","UF","Other","7/24/2023 23:50:13","7/25/2023 9:28:50",NA,NA,NA,NA,NA,NA,"White Seabass",NA,NA
"J:\MB02_12\MB02_12_df24\LTSA_MB02_12_df24_5s_1Hz.ltsa","8/13/2024 14:46","UF","Other","7/25/2023 2:20:03","7/25/2023 3:34:03",NA,NA,NA,NA,NA,NA,"Bocaccio sunset",NA,NA
"J:\MB02_12\MB02_12_df24\LTSA_MB02_12_df24_5s_1Hz.ltsa","8/13/2024 14:46","UF","Other","7/25/2023 2:21:58","7/25/2023 12:51:47",NA,NA,NA,NA,NA,NA,"Bocaccio",NA,NA
"J:\MB02_12\MB02_12_df24\LTSA_MB02_12_df24_5s_1Hz.ltsa","8/13/2024 14:46","UF","Other","7/25/2023 11:24:27","7/25/2023 12:53:42",NA,NA,NA,NA,NA,NA,"Bocaccio sunrise",NA,NA
"J:\MB02_12\MB02_12_df24\LTSA_MB02_12_df24_5s_1Hz.ltsa","8/13/2024 14:47","UF","Other","7/25/2023 3:53:03","7/25/2023 11:47:17",NA,NA,NA,NA,NA,NA,"Midshipman",NA,NA
"J:\MB02_12\MB02_12_df24\LTSA_MB02_12_df24_5s_1Hz.ltsa","8/13/2024 14:47","UF","Other","7/25/2023 21:46:44","7/26/2023 9:00:23",NA,NA,NA,NA,NA,NA,"White Seabass",NA,NA
"J:\MB02_12\MB02_12_df24\LTSA_MB02_12_df24_5s_1Hz.ltsa","8/13/2024 14:47","UF","Other","7/26/2023 2:18:16","7/26/2023 3:47:26",NA,NA,NA,NA,NA,NA,"Bocaccio sunset",NA,NA
"J:\MB02_12\MB02_12_df24\LTSA_MB02_12_df24_5s_1Hz.ltsa","8/13/2024 14:47","UF","Other","7/26/2023 1:57:21","7/26/2023 12:59:25",NA,NA,NA,NA,NA,NA,"Bocaccio",NA,NA
"J:\MB02_12\MB02_12_df24\LTSA_MB02_12_df24_5s_1Hz.ltsa","8/13/2024 14:47","UF","Other","7/26/2023 11:45:25","7/26/2023 12:51:50",NA,NA,NA,NA,NA,NA,"Bocaccio sunrise",NA,NA
"J:\MB02_12\MB02_12_df24\LTSA_MB02_12_df24_5s_1Hz.ltsa","8/13/2024 14:48","UF","Other","7/26/2023 7:17:58","7/26/2023 11:24:30",NA,NA,NA,NA,NA,NA,"Midshipman",NA,NA
"J:\MB02_12\MB02_12_df24\LTSA_MB02_12_df24_5s_1Hz.ltsa","8/13/2024 14:48","UF","Other","7/26/2023 23:27:30","7/27/2023 7:21:43",NA,NA,NA,NA,NA,NA,"White Seabass",NA,NA
"J:\MB02_12\MB02_12_df24\LTSA_MB02_12_df24_5s_1Hz.ltsa","8/13/2024 14:48","UF","Other","7/27/2023 2:29:35","7/27/2023 3:43:35",NA,NA,NA,NA,NA,NA,"Bocaccio sunset",NA,NA
"J:\MB02_12\MB02_12_df24\LTSA_MB02_12_df24_5s_1Hz.ltsa","8/13/2024 14:48","UF","Other","7/27/2023 1:59:15","7/27/2023 12:51:51",NA,NA,NA,NA,NA,NA,"Bocaccio",NA,NA
"J:\MB02_12\MB02_12_df24\LTSA_MB02_12_df24_5s_1Hz.ltsa","8/13/2024 14:48","UF","Other","7/27/2023 11:24:31","7/27/2023 12:21:26",NA,NA,NA,NA,NA,NA,"Bocaccio sunrise",NA,NA
"J:\MB02_12\MB02_12_df24\LTSA_MB02_12_df24_5s_1Hz.ltsa","8/13/2024 14:49","UF","Other","7/27/2023 6:00:08","7/27/2023 11:41:36",NA,NA,NA,NA,NA,NA,"Midshipman",NA,NA
"J:\MB02_12\MB02_12_df24\LTSA_MB02_12_df24_5s_1Hz.ltsa","8/13/2024 14:49","UF","Other","7/27/2023 23:10:26","7/28/2023 9:47:48",NA,NA,NA,NA,NA,NA,"White Seabass",NA,NA
"J:\MB02_12\MB02_12_df24\LTSA_MB02_12_df24_5s_1Hz.ltsa","8/13/2024 14:49","UF","Other","7/28/2023 2:41:01","7/28/2023 3:58:46",NA,NA,NA,NA,NA,NA,"Bocaccio sunset",NA,NA
"J:\MB02_12\MB02_12_df24\LTSA_MB02_12_df24_5s_1Hz.ltsa","8/13/2024 14:49","UF","Other","7/28/2023 2:33:26","7/28/2023 12:46:05",NA,NA,NA,NA,NA,NA,"Bocaccio",NA,NA
"J:\MB02_12\MB02_12_df24\LTSA_MB02_12_df24_5s_1Hz.ltsa","8/13/2024 14:49","UF","Other","7/28/2023 11:51:05","7/28/2023 12:49:55",NA,NA,NA,NA,NA,NA,"Bocaccio sunrise",NA,NA
"J:\MB02_12\MB02_12_df24\LTSA_MB02_12_df24_5s_1Hz.ltsa","8/13/2024 14:50","UF","Other","7/28/2023 7:53:58","7/28/2023 11:28:20",NA,NA,NA,NA,NA,NA,"Midshipman",NA,NA
"J:\MB02_12\MB02_12_df24\LTSA_MB02_12_df24_5s_1Hz.ltsa","8/13/2024 14:50","UF","Other","7/28/2023 23:06:35","7/29/2023 6:02:03",NA,NA,NA,NA,NA,NA,"White Seabass",NA,NA
"J:\MB02_12\MB02_12_df24\LTSA_MB02_12_df24_5s_1Hz.ltsa","8/13/2024 14:51","UF","Other","7/29/2023 2:41:00","7/29/2023 4:15:50",NA,NA,NA,NA,NA,NA,"Bocaccio sunset",NA,NA
"J:\MB02_12\MB02_12_df24\LTSA_MB02_12_df24_5s_1Hz.ltsa","8/13/2024 14:51","UF","Other","7/29/2023 2:33:25","7/29/2023 12:53:45",NA,NA,NA,NA,NA,NA,"Bocaccio",NA,NA
"J:\MB02_12\MB02_12_df24\LTSA_MB02_12_df24_5s_1Hz.ltsa","8/13/2024 14:51","UF","Other","7/29/2023 4:00:40","7/29/2023 11:22:40",NA,NA,NA,NA,NA,NA,"Midshipman",NA,NA
"J:\MB02_12\MB02_12_df24\LTSA_MB02_12_df24_5s_1Hz.ltsa","8/13/2024 14:51","UF","Other","7/29/2023 11:41:35","7/29/2023 12:48:00",NA,NA,NA,NA,NA,NA,"Bocaccio sunrise",NA,NA
"J:\MB02_12\MB02_12_df24\LTSA_MB02_12_df24_5s_1Hz.ltsa","9/11/2024 11:39","UF","Other","5/10/2023 3:06:46","5/10/2023 12:28:19",NA,NA,NA,NA,NA,NA,"Bocaccio",NA,NA
"J:\MB02_12\MB02_12_df24\LTSA_MB02_12_df24_5s_1Hz.ltsa","9/11/2024 11:40","UF","Other","5/18/2023 3:05:14","5/18/2023 12:21:43",NA,NA,NA,NA,NA,NA,"Bocaccio",NA,NA
"J:\MB02_12\MB02_12_df24\LTSA_MB02_12_df24_5s_1Hz.ltsa","9/11/2024 11:41","UF","Other","6/14/2023 3:03:33","6/14/2023 3:59:43",NA,NA,NA,NA,NA,NA,"Bocaccio sunset",NA,NA
"J:\MB02_12\MB02_12_df24\LTSA_MB02_12_df24_5s_1Hz.ltsa","9/13/2024 14:15","UF","Other","2/11/2023 20:26:07","2/12/2023 13:19:07",NA,NA,NA,NA,NA,NA,"UF310",NA,NA
"J:\MB02_12\MB02_12_df24\LTSA_MB02_12_df24_5s_1Hz.ltsa","9/13/2024 14:15","UF","Other","3/29/2023 18:59:00","3/30/2023 13:38:16",NA,NA,NA,NA,NA,NA,"UF310",NA,NA
"F:\MB02_12\MB02_12_df24\LTSA_MB02_12_df24_5s_1Hz.ltsa","3/6/2026 17:03","UF","Other","7/19/2023 1:43:17.5","7/19/2023 5:25:03.5",NA,NA,NA,NA,NA,NA,"UF440",NA,NA
"F:\MB02_12\MB02_12_df24\LTSA_MB02_12_df24_5s_1Hz.ltsa","3/6/2026 17:03","UF","Other","7/21/2023 2:52:48.5","7/21/2023 5:00:49.5",NA,NA,NA,NA,NA,NA,"UF440",NA,NA
