Input file,Event Number,Species Code,Call,Start time,End time,Parameter 1,Parameter 2,Parameter 3,Parameter 4,Parameter 5,Parameter 6,Comments,Image,Audio
F:\MB02_11\MB02_11_df24\LTSA_MB02_11_df24_5s_1Hz.ltsa,3/9/2026 9:28,UF,Other,7/5/2022 3:45:10.5,7/5/2022 4:44:45.5,,,,,,,UF440,,
F:\MB02_11\MB02_11_df24\LTSA_MB02_11_df24_5s_1Hz.ltsa,3/9/2026 9:28,UF,Other,7/6/2022 3:49:31.5,7/6/2022 4:23:46.5,,,,,,,UF440,,
F:\MB02_11\MB02_11_df24\LTSA_MB02_11_df24_5s_1Hz.ltsa,3/9/2026 9:28,UF,Other,7/9/2022 9:15:10.5,7/9/2022 11:29:10.5,,,,,,,UF440,,
F:\MB02_11\MB02_11_df24\LTSA_MB02_11_df24_5s_1Hz.ltsa,3/9/2026 9:28,UF,Other,7/10/2022 3:32:33.5,7/10/2022 4:18:43.5,,,,,,,UF440,,
F:\MB02_11\MB02_11_df24\LTSA_MB02_11_df24_5s_1Hz.ltsa,3/9/2026 9:29,UF,Other,7/14/2022 3:37:54.5,7/14/2022 4:33:04.5,,,,,,,UF440,,
F:\MB02_11\MB02_11_df24\LTSA_MB02_11_df24_5s_1Hz.ltsa,3/9/2026 9:29,UF,Other,7/15/2022 3:21:26.5,7/15/2022 4:07:36.5,,,,,,,UF440,,
F:\MB02_11\MB02_11_df24\LTSA_MB02_11_df24_5s_1Hz.ltsa,3/9/2026 9:29,UF,Other,7/16/2022 3:30:13.5,7/16/2022 4:17:53.5,,,,,,,UF440,,
F:\MB02_11\MB02_11_df24\LTSA_MB02_11_df24_5s_1Hz.ltsa,3/9/2026 9:29,UF,Other,7/17/2022 3:35:58.5,7/17/2022 8:03:58.5,,,,,,,UF440,,
F:\MB02_11\MB02_11_df24\LTSA_MB02_11_df24_5s_1Hz.ltsa,3/9/2026 9:30,UF,Other,7/23/2022 10:36:30.5,7/23/2022 12:23:40.5,,,,,,,UF440,,
F:\MB02_11\MB02_11_df24\LTSA_MB02_11_df24_5s_1Hz.ltsa,3/9/2026 9:30,UF,Other,7/27/2022 3:25:35.5,7/27/2022 12:23:08.5,,,,,,,UF440,,
F:\MB02_11\MB02_11_df24\LTSA_MB02_11_df24_5s_1Hz.ltsa,3/9/2026 9:30,UF,Other,7/29/2022 3:52:08.5,7/29/2022 6:18:03.5,,,,,,,UF440,,
F:\MB02_11\MB02_11_df24\LTSA_MB02_11_df24_5s_1Hz.ltsa,3/9/2026 9:30,UF,Other,7/31/2022 3:50:22.5,7/31/2022 4:24:37.5,,,,,,,UF440,,
F:\MB02_11\MB02_11_df24\LTSA_MB02_11_df24_5s_1Hz.ltsa,3/9/2026 9:31,UF,Other,8/5/2022 3:54:10.5,8/5/2022 6:05:10.5,,,,,,,UF440,,
F:\MB02_11\MB02_11_df24\LTSA_MB02_11_df24_5s_1Hz.ltsa,3/9/2026 9:31,UF,Other,8/6/2022 3:15:15.5,8/6/2022 3:57:00.5,,,,,,,UF440,,
F:\MB02_11\MB02_11_df24\LTSA_MB02_11_df24_5s_1Hz.ltsa,3/9/2026 9:31,UF,Other,8/6/2022 4:05:55.5,8/6/2022 11:44:33.5,,,,,,,UF440,,
F:\MB02_11\MB02_11_df24\LTSA_MB02_11_df24_5s_1Hz.ltsa,3/9/2026 9:31,UF,Other,8/8/2022 3:40:16.5,8/8/2022 12:48:13.5,,,,,,,UF440,,
F:\MB02_11\MB02_11_df24\LTSA_MB02_11_df24_5s_1Hz.ltsa,3/9/2026 9:31,UF,Other,8/9/2022 3:13:16.5,8/9/2022 4:05:26.5,,,,,,,UF440,,
F:\MB02_11\MB02_11_df24\LTSA_MB02_11_df24_5s_1Hz.ltsa,3/9/2026 9:31,UF,Other,8/9/2022 4:12:51.5,8/9/2022 9:09:09.5,,,,,,,UF440,,
F:\MB02_11\MB02_11_df24\LTSA_MB02_11_df24_5s_1Hz.ltsa,3/9/2026 9:32,UF,Other,8/10/2022 3:17:37.5,8/10/2022 12:31:29.5,,,,,,,UF440,,
F:\MB02_11\MB02_11_df24\LTSA_MB02_11_df24_5s_1Hz.ltsa,3/9/2026 9:32,UF,Other,8/11/2022 3:15:57.5,8/11/2022 4:34:52.5,,,,,,,UF440,,
F:\MB02_11\MB02_11_df24\LTSA_MB02_11_df24_5s_1Hz.ltsa,3/9/2026 9:32,UF,Other,8/11/2022 10:39:40.5,8/11/2022 12:53:40.5,,,,,,,UF440,,
F:\MB02_11\MB02_11_df24\LTSA_MB02_11_df24_5s_1Hz.ltsa,3/9/2026 9:32,UF,Other,8/12/2022 3:18:49.5,8/12/2022 13:02:33.5,,,,,,,UF440,,
F:\MB02_11\MB02_11_df24\LTSA_MB02_11_df24_5s_1Hz.ltsa,3/9/2026 9:32,UF,Other,8/13/2022 3:08:18.5,8/13/2022 12:35:36.5,,,,,,,UF440,,
F:\MB02_11\MB02_11_df24\LTSA_MB02_11_df24_5s_1Hz.ltsa,3/9/2026 9:32,UF,Other,8/14/2022 3:23:01.5,8/14/2022 6:50:01.5,,,,,,,UF440,,
F:\MB02_11\MB02_11_df24\LTSA_MB02_11_df24_5s_1Hz.ltsa,3/9/2026 9:32,UF,Other,8/15/2022 3:15:29.5,8/15/2022 8:56:27.5,,,,,,,UF440,,
F:\MB02_11\MB02_11_df24\LTSA_MB02_11_df24_5s_1Hz.ltsa,3/9/2026 9:32,UF,Other,8/16/2022 4:41:41.5,8/16/2022 12:44:08.5,,,,,,,UF440,,
F:\MB02_11\MB02_11_df24\LTSA_MB02_11_df24_5s_1Hz.ltsa,3/9/2026 9:32,UF,Other,8/17/2022 3:10:41.5,8/17/2022 7:09:01.5,,,,,,,UF440,,
F:\MB02_11\MB02_11_df24\LTSA_MB02_11_df24_5s_1Hz.ltsa,3/9/2026 9:33,UF,Other,8/18/2022 3:03:08.5,8/18/2022 12:20:01.5,,,,,,,UF440,,
F:\MB02_11\MB02_11_df24\LTSA_MB02_11_df24_5s_1Hz.ltsa,3/9/2026 9:33,UF,Other,8/19/2022 3:04:28.5,8/19/2022 12:49:40.5,,,,,,,UF440,,
F:\MB02_11\MB02_11_df24\LTSA_MB02_11_df24_5s_1Hz.ltsa,3/9/2026 9:33,UF,Other,8/20/2022 3:16:12.5,8/20/2022 12:40:35.5,,,,,,,UF440,,
F:\MB02_11\MB02_11_df24\LTSA_MB02_11_df24_5s_1Hz.ltsa,3/9/2026 9:33,UF,Other,8/21/2022 2:59:36.5,8/21/2022 4:03:41.5,,,,,,,UF440,,
F:\MB02_11\MB02_11_df24\LTSA_MB02_11_df24_5s_1Hz.ltsa,3/9/2026 9:33,UF,Other,8/21/2022 10:30:48.5,8/21/2022 12:34:23.5,,,,,,,UF440,,
F:\MB02_11\MB02_11_df24\LTSA_MB02_11_df24_5s_1Hz.ltsa,3/9/2026 9:33,UF,Other,8/24/2022 10:27:21.5,8/24/2022 11:59:41.5,,,,,,,UF440,,
F:\MB02_11\MB02_11_df24\LTSA_MB02_11_df24_5s_1Hz.ltsa,3/9/2026 9:34,UF,Other,8/25/2022 2:54:44.5,8/25/2022 3:52:49.5,,,,,,,UF440,,
F:\MB02_11\MB02_11_df24\LTSA_MB02_11_df24_5s_1Hz.ltsa,3/9/2026 9:34,UF,Other,8/25/2022 8:38:44.5,8/25/2022 11:29:57.5,,,,,,,UF440,,
F:\MB02_11\MB02_11_df24\LTSA_MB02_11_df24_5s_1Hz.ltsa,3/9/2026 9:34,UF,Other,8/26/2022 2:51:40.5,8/26/2022 12:30:49.5,,,,,,,UF440,,
F:\MB02_11\MB02_11_df24\LTSA_MB02_11_df24_5s_1Hz.ltsa,3/9/2026 9:34,UF,Other,8/27/2022 2:49:56.5,8/27/2022 12:36:33.5,,,,,,,UF440,,
F:\MB02_11\MB02_11_df24\LTSA_MB02_11_df24_5s_1Hz.ltsa,3/9/2026 9:34,UF,Other,8/28/2022 2:34:54.5,8/28/2022 11:35:26.5,,,,,,,UF440,,
F:\MB02_11\MB02_11_df24\LTSA_MB02_11_df24_5s_1Hz.ltsa,3/9/2026 9:34,UF,Other,8/29/2022 2:57:06.5,8/29/2022 3:32:51.5,,,,,,,UF440,,
F:\MB02_11\MB02_11_df24\LTSA_MB02_11_df24_5s_1Hz.ltsa,3/9/2026 9:34,UF,Other,8/30/2022 2:46:34.5,8/30/2022 3:25:17.5,,,,,,,UF440,,
F:\MB02_11\MB02_11_df24\LTSA_MB02_11_df24_5s_1Hz.ltsa,3/9/2026 9:35,UF,Other,9/1/2022 2:46:16.5,9/1/2022 13:17:37.5,,,,,,,UF440,,
F:\MB02_11\MB02_11_df24\LTSA_MB02_11_df24_5s_1Hz.ltsa,3/9/2026 9:35,UF,Other,9/2/2022 12:19:23.5,9/2/2022 13:07:03.5,,,,,,,UF440,,
F:\MB02_11\MB02_11_df24\LTSA_MB02_11_df24_5s_1Hz.ltsa,3/9/2026 9:35,UF,Other,9/3/2022 2:45:59.5,9/3/2022 3:48:27.5,,,,,,,UF440,,
F:\MB02_11\MB02_11_df24\LTSA_MB02_11_df24_5s_1Hz.ltsa,3/9/2026 9:35,UF,Other,9/3/2022 11:50:54.5,9/3/2022 12:56:24.5,,,,,,,UF440,,
F:\MB02_11\MB02_11_df24\LTSA_MB02_11_df24_5s_1Hz.ltsa,3/9/2026 9:35,UF,Other,9/5/2022 13:00:38.5,9/5/2022 13:00:38.5,,,,,,,UF440,,
F:\MB02_11\MB02_11_df24\LTSA_MB02_11_df24_5s_1Hz.ltsa,3/9/2026 9:35,UF,Other,9/6/2022 2:35:08.5,9/6/2022 4:26:46.5,,,,,,,UF440,,
F:\MB02_11\MB02_11_df24\LTSA_MB02_11_df24_5s_1Hz.ltsa,3/9/2026 9:35,UF,Other,9/6/2022 9:20:04.5,9/6/2022 12:30:44.5,,,,,,,UF440,,
F:\MB02_11\MB02_11_df24\LTSA_MB02_11_df24_5s_1Hz.ltsa,3/9/2026 9:35,UF,Other,9/7/2022 2:45:24.5,9/7/2022 11:34:00.5,,,,,,,UF440,,
F:\MB02_11\MB02_11_df24\LTSA_MB02_11_df24_5s_1Hz.ltsa,3/9/2026 9:36,UF,Other,9/8/2022 2:16:55.5,9/8/2022 5:05:12.5,,,,,,,UF440,,
F:\MB02_11\MB02_11_df24\LTSA_MB02_11_df24_5s_1Hz.ltsa,3/9/2026 9:36,UF,Other,9/9/2022 2:27:10.5,9/9/2022 3:23:48.5,,,,,,,UF440,,
F:\MB02_11\MB02_11_df24\LTSA_MB02_11_df24_5s_1Hz.ltsa,3/9/2026 9:36,UF,Other,9/9/2022 11:39:36.5,9/9/2022 13:11:56.5,,,,,,,UF440,,
F:\MB02_11\MB02_11_df24\LTSA_MB02_11_df24_5s_1Hz.ltsa,3/9/2026 9:36,UF,Other,9/13/2022 2:29:35.5,9/13/2022 7:51:13.5,,,,,,,UF440,,
F:\MB02_11\MB02_11_df24\LTSA_MB02_11_df24_5s_1Hz.ltsa,3/9/2026 9:36,UF,Other,9/14/2022 2:25:02.5,9/14/2022 3:02:10.5,,,,,,,UF440,,
F:\MB02_11\MB02_11_df24\LTSA_MB02_11_df24_5s_1Hz.ltsa,3/9/2026 9:36,UF,Other,9/15/2022 2:18:53.5,9/15/2022 2:44:13.5,,,,,,,UF440,,
F:\MB02_11\MB02_11_df24\LTSA_MB02_11_df24_5s_1Hz.ltsa,3/9/2026 9:37,UF,Other,9/16/2022 2:17:13.5,9/16/2022 3:04:51.5,,,,,,,UF440,,
F:\MB02_11\MB02_11_df24\LTSA_MB02_11_df24_5s_1Hz.ltsa,3/9/2026 9:37,UF,Other,9/17/2022 2:14:09.5,9/17/2022 3:13:37.5,,,,,,,UF440,,
F:\MB02_11\MB02_11_df24\LTSA_MB02_11_df24_5s_1Hz.ltsa,3/9/2026 9:37,UF,Other,9/18/2022 2:24:25.5,9/18/2022 3:01:33.5,,,,,,,UF440,,
F:\MB02_11\MB02_11_df24\LTSA_MB02_11_df24_5s_1Hz.ltsa,3/9/2026 9:37,UF,Other,9/19/2022 2:01:58.5,9/19/2022 3:10:26.5,,,,,,,UF440,,
F:\MB02_11\MB02_11_df24\LTSA_MB02_11_df24_5s_1Hz.ltsa,3/9/2026 9:37,UF,Other,9/20/2022 2:07:46.5,9/20/2022 2:46:31.5,,,,,,,UF440,,
F:\MB02_11\MB02_11_df24\LTSA_MB02_11_df24_5s_1Hz.ltsa,3/9/2026 9:37,UF,Other,9/21/2022 2:03:08.5,9/21/2022 2:52:16.5,,,,,,,UF440,,
F:\MB02_11\MB02_11_df24\LTSA_MB02_11_df24_5s_1Hz.ltsa,3/9/2026 9:37,UF,Other,9/22/2022 2:06:01.5,9/22/2022 2:47:46.5,,,,,,,UF440,,
F:\MB02_11\MB02_11_df24\LTSA_MB02_11_df24_5s_1Hz.ltsa,3/9/2026 9:37,UF,Other,9/23/2022 2:07:23.5,9/23/2022 3:02:26.5,,,,,,,UF440,,
F:\MB02_11\MB02_11_df24\LTSA_MB02_11_df24_5s_1Hz.ltsa,3/9/2026 9:38,UF,Other,9/24/2022 2:13:15.5,9/24/2022 2:57:53.5,,,,,,,UF440,,
F:\MB02_11\MB02_11_df24\LTSA_MB02_11_df24_5s_1Hz.ltsa,3/9/2026 9:38,UF,Other,9/25/2022 2:01:11.5,9/25/2022 3:24:29.5,,,,,,,UF440,,
F:\MB02_11\MB02_11_df24\LTSA_MB02_11_df24_5s_1Hz.ltsa,3/9/2026 9:38,UF,Other,9/30/2022 1:55:57.5,9/30/2022 3:02:55.5,,,,,,,UF440,,
F:\MB02_11\MB02_11_df24\LTSA_MB02_11_df24_5s_1Hz.ltsa,3/9/2026 9:38,UF,Other,10/3/2022 2:01:23.5,10/3/2022 2:34:13.5,,,,,,,UF440,,
